DE_temperature,DE_radiation_direct_horizontal,DE_radiation_diffuse_horizontal
9,0,13
9,0,13
9,0,16
9,0,19
9,0,17
9,0,20
9,0,17
9,0,18
9,0,17
9,0,19
9,0,22
9,0,21
9,0,28
9,0,27
9,0,21
9,0,24
10,0,25
10,0,17
10,0,20
10,0,18
10,0,42
10,0,41
10,0,38
10,0,31
10,0,32
10,0,39
10,0,43
10,0,56
10,0,74
10,0,87
10,0,89
11,0,91
11,0,93
11,0,79
11,0,69
11,0,59
11,0,64
11,0,69
11,0,100
11,0,107
11,0,109
11,0,130
11,0,113
11,0,105
11,0,92
12,0,71
12,0,54
12,0,30
12,0,23
12,0,23
12,0,23
12,0,32
12,0,49
12,0,103
12,0,88
12,0,69
12,0,55
12,0,75
12,0,90
12,0,96
12,0,91
12,0,86
12,0,61
12,0,43
11,0,34
11,0,25
11,0,25
11,0,29
11,0,76
11,0,97
11,0,107
11,0,140
11,0,188
11,0,181
11,0,174
11,0,161
10,0,172
10,0,242
10,0,221
10,0,206
10,0,264
10,0,229
10,0,201
10,0,163
10,0,162
10,0,143
10,0,120
10,0,119
10,0,128
10,0,111
10,0,104
10,0,107
10,0,96
10,0,108
10,0,107
10,0,87
10,0,78
10,0,84
10,0,60
10,0,51
10,0,72
10,0,93
10,0,107
10,0,142
10,0,184
10,0,203
10,0,246
10,0,187
10,0,190
10,0,197
10,0,195
10,0,168
10,0,165
10,0,162
10,0,159
9,0,146
9,0,133
9,0,120
9,0,129
9,0,111
9,0,95
9,0,123
9,0,103
9,0,104
9,0,105
9,0,101
9,0,96
9,0,101
9,0,90
9,0,79
9,0,77
8,0,72
8,4,69
8,13,58
8,11,51
8,3,47
8,2,40
8,9,30
8,0,17
8,0,12
8,0,6
8,0,3
8,0,1
8,0,0
8,0,0
8,0,0
8,0,0
8,0,0
8,0,0
7,0,0
7,0,0
7,0,0
7,0,0
7,0,0
7,0,0
7,0,0
7,0,0
7,0,0
7,0,0
7,0,0
7,0,0
7,0,0
7,0,0
7,0,0
7,0,0
7,0,0
7,0,0
7,0,0
7,0,0
7,0,0
7,0,0
7,0,0
7,0,0
7,0,0
7,0,0
7,0,0
7,0,0
7,0,0
7,0,0
7,0,0
7,0,0
7,0,0
7,0,0
7,0,0
7,0,0
7,0,0
7,0,0
7,0,0
7,0,0
7,0,0
7,0,0
7,0,0
7,0,0
7,0,0
7,0,0
7,0,0
7,0,0
7,0,0
7,0,0
7,0,0
7,0,0
7,0,0
7,0,0
7,0,0
8,0,0
8,0,0
8,0,0
8,0,0
8,0,0
8,0,0
8,0,0
8,0,0
8,0,0
8,0,0
8,0,0
8,0,0
8,0,0
8,0,0
8,0,0
8,0,0
8,0,0
8,0,0
8,0,0
8,0,0
8,0,0
8,0,0
8,0,0
8,0,0
8,0,0
8,0,0
8,0,0
8,0,0
8,0,0
8,0,0
8,0,0
8,0,0
8,0,0
8,0,0
8,0,0
8,0,0
8,0,0
8,0,0
8,0,0
8,0,0
8,0,0
8,0,0
8,0,0
8,0,0
8,0,0
8,0,0
8,0,0
8,0,0
8,0,0
8,0,0
8,0,0
8,0,0
8,0,0
8,0,0
8,0,0
8,0,0
8,0,0
8,0,0
8,0,0
8,0,0
8,0,0
8,0,0
8,0,0
8,0,0
8,0,0
8,0,0
8,0,0
8,0,0
8,0,0
8,0,0
8,0,0
8,0,0
8,0,0
8,0,0
8,0,2
8,0,5
8,0,9
8,0,13
8,0,17
8,0,18
8,0,17
8,0,28
8,0,35
8,0,37
8,0,36
8,0,43
8,0,47
8,0,47
8,0,48
8,0,60
8,0,63
8,0,58
8,0,73
8,0,78
8,0,86
8,0,100
8,0,93
8,0,89
8,0,86
8,0,111
8,0,117
8,0,126
8,0,135
8,0,145
8,0,152
8,0,158
8,0,164
8,0,179
8,0,198
9,0,182
9,0,193
9,0,170
9,0,153
9,0,161
9,0,282
9,113,265
9,0,238
9,0,204
9,0,203
9,0,186
9,0,195
9,0,161
9,0,143
9,0,201
9,0,301
9,99,326
9,118,322
10,0,345
10,0,232
10,0,203
10,0,286
10,0,357
10,2,391
10,17,389
10,18,392
10,33,390
10,0,401
10,0,237
10,0,173
10,0,227
10,0,249
11,0,318
11,0,297
11,0,239
11,0,292
11,0,332
11,0,286
11,343,263
11,0,409
11,0,250
11,0,201
11,0,214
11,0,155
11,0,173
11,0,248
11,0,338
11,8,420
11,415,220
11,542,142
11,511,159
11,0,377
12,188,336
12,583,107
12,240,305
12,0,240
12,273,281
12,564,106
12,559,105
12,553,105
12,546,105
12,423,176
12,25,375
12,0,341
12,73,348
12,368,190
12,80,336
12,0,349
12,176,281
12,314,200
12,105,304
12,0,317
12,0,330
12,21,322
12,319,166
12,133,261
12,0,301
12,31,293
12,1,297
12,0,162
12,0,180
12,121,226
12,338,95
12,322,97
12,277,116
12,209,148
12,110,194
12,0,210
12,0,79
11,0,160
11,248,82
11,224,88
11,149,123
11,79,152
11,14,173
11,0,137
11,0,90
11,0,63
11,0,51
11,0,43
11,0,53
11,0,35
10,0,48
10,0,44
10,0,38
10,0,66
10,0,54
10,34,58
10,0,58
10,0,32
10,0,26
10,0,36
9,0,20
9,0,8
9,0,10
9,0,9
9,0,5
9,0,2
9,0,0
9,0,0
9,0,0
9,0,0
9,0,0
9,0,0
9,0,0
9,0,0
9,0,0
9,0,0
9,0,0
9,0,0
9,0,0
9,0,0
9,0,0
9,0,0
9,0,0
9,0,0
9,0,0
9,0,0
9,0,0
8,0,0
8,0,0
8,0,0
8,0,0
8,0,0
8,0,0
8,0,0
8,0,0
8,0,0
8,0,0
8,0,0
8,0,0
8,0,0
8,0,0
8,0,0
8,0,0
8,0,0
8,0,0
8,0,0
8,0,0
8,0,0
8,0,0
8,0,0
8,0,0
8,0,0
8,0,0
8,0,0
8,0,0
8,0,0
8,0,0
8,0,0
8,0,0
8,0,0
8,0,0
8,0,0
8,0,0
8,0,0
8,0,0
8,0,0
8,0,0
8,0,0
8,0,0
8,0,0
8,0,0
8,0,0
8,0,0
8,0,0
8,0,0
8,0,0
8,0,0
8,0,0
8,0,0
8,0,0
8,0,0
8,0,0
8,0,0
8,0,0
8,0,0
8,0,0
8,0,0
8,0,0
8,0,0
8,0,0
8,0,0
8,0,0
8,0,0
8,0,0
8,0,0
8,0,0
8,0,0
8,0,0
8,0,0
8,0,0
8,0,0
8,0,0
7,0,0
7,0,0
7,0,0
7,0,0
7,0,0
7,0,0
8,0,0
8,0,0
8,0,0
8,0,0
8,0,0
8,0,0
8,0,0
8,0,0
8,0,0
8,0,0
8,0,0
8,0,0
8,0,0
8,0,0
8,0,0
8,0,0
8,0,0
8,0,0
8,0,0
8,0,0
8,0,0
8,0,0
8,0,0
8,0,0
8,0,0
8,0,0
8,0,0
8,0,0
8,0,0
8,0,0
8,0,0
8,0,0
8,0,1
8,0,5
8,0,8
8,0,10
8,0,13
8,0,13
8,0,12
8,0,21
8,0,21
8,0,23
8,0,48
8,0,51
8,0,60
8,0,74
8,0,81
9,0,91
9,0,96
9,0,118
9,0,116
9,0,99
9,0,81
9,0,87
9,0,82
9,0,94
9,0,111
9,0,138
9,0,155
9,0,155
9,0,165
9,0,176
9,0,199
10,0,215
10,0,156
10,0,170
10,0,180
10,0,185
10,0,191
10,0,192
10,0,193
10,0,198
10,0,204
10,0,209
10,0,214
10,0,224
10,0,230
10,0,240
10,0,245
10,0,244
11,0,255
11,0,260
11,0,265
11,0,263
11,0,287
11,0,292
11,0,283
11,0,287
11,0,277
11,0,281
11,0,278
11,0,288
11,0,291
11,0,309
11,0,312
11,0,307
11,0,295
11,0,305
11,0,300
11,0,295
11,0,282
11,0,283
11,0,263
11,0,257
11,0,258
11,0,244
11,0,237
11,0,245
11,0,217
11,0,231
11,0,237
11,0,251
11,0,258
11,0,286
11,0,293
11,0,299
11,0,291
11,0,253
11,0,217
11,0,177
11,0,170
11,0,193
11,0,224
11,0,249
11,0,247
11,0,258
11,0,256
11,0,246
11,0,250
11,0,227
11,0,218
11,0,203
11,0,177
11,0,180
11,0,183
11,0,191
11,0,182
11,0,174
11,0,160
11,0,157
11,0,154
11,0,142
11,0,148
11,0,150
11,0,156
11,0,152
11,0,144
11,0,136
11,0,128
11,0,125
11,0,121
11,0,118
11,0,118
11,0,125
11,0,139
11,0,137
11,0,150
11,0,144
11,0,127
11,0,115
11,0,110
11,0,99
11,0,79
11,0,77
10,0,68
10,0,64
10,0,66
10,0,58
10,0,67
10,0,58
10,0,50
10,0,29
10,0,31
10,0,39
10,0,23
10,0,35
10,0,48
10,0,55
10,6,50
10,16,38
10,0,33
10,0,27
10,0,19
10,0,12
10,0,7
10,0,4
10,0,0
10,0,0
10,0,0
10,0,0
10,0,0
10,0,0
10,0,0
10,0,0
10,0,0
10,0,0
10,0,0
10,0,0
10,0,0
10,0,0
10,0,0
10,0,0
10,0,0
10,0,0
10,0,0
10,0,0
10,0,0
10,0,0
10,0,0
10,0,0
10,0,0
10,0,0
10,0,0
10,0,0
10,0,0
10,0,0
10,0,0
10,0,0
10,0,0
10,0,0
10,0,0
10,0,0
10,0,0
10,0,0
10,0,0
10,0,0
10,0,0
10,0,0
10,0,0
10,0,0
10,0,0
10,0,0
10,0,0
10,0,0
10,0,0
10,0,0
10,0,0
10,0,0
10,0,0
10,0,0
10,0,0
10,0,0
10,0,0
10,0,0
10,0,0
10,0,0
10,0,0
10,0,0
10,0,0
10,0,0
10,0,0
10,0,0
10,0,0
10,0,0
10,0,0
10,0,0
10,0,0
10,0,0
10,0,0
10,0,0
10,0,0
10,0,0
10,0,0
10,0,0
10,0,0
10,0,0
10,0,0
10,0,0
10,0,0
10,0,0
10,0,0
10,0,0
9,0,0
9,0,0
9,0,0
9,0,0
9,0,0
9,0,0
9,0,0
9,0,0
9,0,0
9,0,0
9,0,0
9,0,0
9,0,0
9,0,0
9,0,0
9,0,0
8,0,0
8,0,0
8,0,0
8,0,0
8,0,0
8,0,0
8,0,0
8,0,0
8,0,0
8,0,0
8,0,0
8,0,0
8,0,0
8,0,0
8,0,0
8,0,0
8,0,0
8,0,0
7,0,0
7,0,0
7,0,0
7,0,0
7,0,0
7,0,0
7,0,0
7,0,0
8,0,0
8,0,0
8,0,0
8,0,0
8,0,0
8,0,0
8,0,2
8,0,6
8,0,10
8,0,15
8,0,14
8,0,14
8,0,17
8,0,24
8,0,25
8,0,21
9,0,26
9,0,46
9,0,48
9,0,63
9,0,69
9,0,83
9,0,96
9,0,76
9,0,79
9,0,60
9,0,59
9,0,21
9,0,13
9,0,23
10,0,51
10,0,54
10,0,59
10,0,95
10,0,96
10,0,83
10,0,78
10,0,58
10,0,78
10,0,101
10,0,97
10,0,112
11,0,131
11,0,139
11,0,143
11,0,143
11,0,165
11,0,146
11,0,178
11,0,203
11,0,303
11,0,303
11,0,200
11,0,182
11,0,238
11,0,178
11,0,175
11,0,156
11,0,170
11,0,161
12,0,147
12,0,144
12,0,151
12,0,159
12,0,173
12,0,175
12,0,177
12,0,167
12,0,162
12,0,152
12,0,147
12,0,166
12,0,174
12,0,175
12,0,157
12,0,183
12,0,184
12,0,192
12,0,186
12,0,227
12,0,248
12,0,248
12,0,234
12,0,234
12,0,240
13,0,254
13,0,282
13,0,327
13,0,383
13,0,406
13,0,395
13,0,305
13,38,405
13,10,413
13,0,301
13,0,314
13,0,382
13,0,295
13,0,307
13,0,312
13,0,301
13,0,277
13,0,267
13,0,271
13,0,221
13,0,257
13,0,241
13,0,318
13,0,313
13,0,212
13,0,202
13,0,205
13,0,207
13,0,192
13,0,183
13,0,217
13,0,235
13,0,289
13,29,297
13,141,241
13,0,230
13,0,268
13,3,280
13,118,225
13,69,241
13,76,231
13,91,217
13,40,232
13,0,182
13,0,151
13,0,117
12,0,96
12,0,83
12,0,94
12,0,113
12,0,117
12,145,111
12,110,122
12,95,122
12,193,57
12,188,51
12,175,50
12,162,49
12,149,48
12,138,46
12,125,45
12,95,54
11,46,73
11,24,76
11,47,56
11,47,48
11,21,54
11,30,41
11,27,35
11,15,34
11,2,33
11,0,21
11,0,15
11,0,11
11,0,6
11,0,2
11,0,0
11,0,0
11,0,0
11,0,0
11,0,0
11,0,0
11,0,0
11,0,0
10,0,0
10,0,0
10,0,0
10,0,0
10,0,0
10,0,0
10,0,0
10,0,0
10,0,0
10,0,0
10,0,0
10,0,0
10,0,0
10,0,0
10,0,0
11,0,0
11,0,0
11,0,0
11,0,0
11,0,0
11,0,0
11,0,0
11,0,0
11,0,0
10,0,0
10,0,0
10,0,0
10,0,0
10,0,0
10,0,0
10,0,0
10,0,0
10,0,0
10,0,0
10,0,0
10,0,0
10,0,0
10,0,0
10,0,0
10,0,0
10,0,0
10,0,0
10,0,0
10,0,0
10,0,0
10,0,0
10,0,0
10,0,0
10,0,0
10,0,0
10,0,0
10,0,0
10,0,0
9,0,0
9,0,0
9,0,0
9,0,0
9,0,0
9,0,0
9,0,0
9,0,0
9,0,0
9,0,0
9,0,0
9,0,0
9,0,0
9,0,0
9,0,0
9,0,0
9,0,0
9,0,0
9,0,0
9,0,0
9,0,0
9,0,0
9,0,0
9,0,0
9,0,0
9,0,0
9,0,0
9,0,0
9,0,0
9,0,0
9,0,0
9,0,0
9,0,0
9,0,0
9,0,0
9,0,0
9,0,0
9,0,0
9,0,0
9,0,0
9,0,0
9,0,0
9,0,0
9,0,0
9,0,0
9,0,0
9,0,0
9,0,0
9,0,0
9,0,0
9,0,0
9,0,0
9,0,0
9,0,0
9,0,0
10,0,0
10,0,0
10,0,0
10,0,0
10,0,0
10,0,0
10,0,0
10,0,0
10,0,0
10,0,0
10,0,0
10,0,0
10,0,0
10,0,0
10,0,0
10,0,0
10,0,0
10,0,2
10,0,5
10,0,8
10,0,14
10,0,11
10,0,19
10,0,10
11,0,27
11,0,14
11,0,25
11,0,27
11,0,29
11,0,33
11,0,71
11,0,30
11,0,22
11,0,43
11,0,38
11,0,63
11,0,39
11,0,37
11,0,64
11,0,68
12,0,100
12,0,122
12,0,135
12,0,172
12,0,172
12,74,187
12,96,184
12,199,136
12,262,107
13,254,120
13,278,114
13,285,118
13,149,204
13,131,221
13,38,272
13,4,292
13,24,292
13,68,280
13,0,314
13,0,297
13,54,306
14,0,286
14,0,298
14,51,326
14,41,336
14,67,331
14,33,351
14,48,350
14,136,315
14,244,264
14,269,255
15,359,208
15,430,170
15,270,268
15,165,328
15,152,339
15,139,349
15,177,333
15,465,174
15,464,178
16,472,176
16,476,177
16,291,288
16,407,224
16,363,252
16,177,355
16,142,374
16,32,423
16,77,406
16,92,401
16,0,425
16,0,361
17,0,404
17,75,409
17,181,360
17,524,165
17,433,219
17,388,245
17,236,328
17,180,355
17,263,310
17,355,257
17,289,292
17,379,239
17,55,400
18,245,309
18,0,320
18,0,238
18,0,286
18,0,262
18,0,296
18,0,251
18,0,255
18,0,259
18,0,230
18,0,183
18,0,158
18,0,124
18,0,122
18,0,119
18,0,117
17,0,110
17,0,108
17,0,84
17,0,66
17,0,120
17,0,49
17,0,97
17,0,75
17,0,52
17,0,79
17,0,206
17,0,231
17,0,239
17,0,242
17,0,220
17,0,114
17,0,252
17,24,242
18,164,167
18,48,218
18,0,147
18,0,131
18,0,103
18,0,101
18,0,111
18,0,97
18,0,110
18,0,115
18,0,119
18,0,110
18,0,94
18,0,86
18,0,82
18,0,72
18,0,69
18,0,74
18,0,61
18,0,53
18,0,49
18,0,47
18,0,46
18,0,43
17,0,40
17,0,36
17,0,34
17,0,21
17,0,17
17,0,10
17,0,6
17,0,2
17,0,1
17,0,0
17,0,0
17,0,0
17,0,0
17,0,0
17,0,0
16,0,0
16,0,0
16,0,0
16,0,0
16,0,0
16,0,0
16,0,0
16,0,0
16,0,0
16,0,0
16,0,0
16,0,0
16,0,0
16,0,0
16,0,0
16,0,0
16,0,0
16,0,0
16,0,0
15,0,0
15,0,0
15,0,0
15,0,0
15,0,0
15,0,0
15,0,0
15,0,0
15,0,0
15,0,0
15,0,0
15,0,0
15,0,0
15,0,0
15,0,0
15,0,0
15,0,0
15,0,0
15,0,0
15,0,0
15,0,0
15,0,0
15,0,0
15,0,0
15,0,0
15,0,0
15,0,0
15,0,0
15,0,0
15,0,0
15,0,0
15,0,0
15,0,0
15,0,0
15,0,0
15,0,0
15,0,0
15,0,0
15,0,0
15,0,0
15,0,0
15,0,0
15,0,0
15,0,0
15,0,0
15,0,0
14,0,0
14,0,0
14,0,0
14,0,0
14,0,0
14,0,0
14,0,0
14,0,0
14,0,0
14,0,0
14,0,0
14,0,0
14,0,0
14,0,0
14,0,0
14,0,0
14,0,0
14,0,0
14,0,0
14,0,0
14,0,0
14,0,0
14,0,0
14,0,0
14,0,0
14,0,0
14,0,0
14,0,0
14,0,0
14,0,0
14,0,0
14,0,0
14,0,0
14,0,0
14,0,0
14,0,0
14,0,0
14,0,0
14,0,0
14,0,0
13,0,0
13,0,0
13,0,0
13,0,0
13,0,0
13,0,0
13,0,0
13,0,0
13,0,0
13,0,0
13,0,0
13,0,0
13,0,0
13,0,0
13,0,0
13,0,0
13,0,0
13,0,0
13,0,0
13,0,0
13,0,0
13,0,1
13,0,3
13,0,5
13,0,9
13,0,14
13,0,17
13,0,29
13,0,44
13,8,51
13,6,59
13,31,55
13,59,47
13,69,50
13,78,53
14,76,63
14,98,59
14,76,80
14,100,75
14,119,73
14,140,69
15,116,92
15,162,74
15,153,88
15,109,122
15,117,126
16,115,136
16,220,83
16,231,85
16,241,88
16,252,90
16,263,92
17,274,94
17,285,96
17,295,98
17,306,100
17,316,102
17,326,104
18,336,106
18,346,108
18,356,109
18,367,110
18,376,112
18,386,113
18,396,114
18,405,116
19,414,117
19,423,118
19,432,119
19,441,120
19,449,121
19,458,122
19,467,122
19,474,123
19,457,139
20,59,357
20,0,383
20,0,373
20,28,381
20,219,298
20,223,300
20,534,123
20,540,123
20,413,204
20,496,157
21,452,187
21,564,121
21,570,120
21,575,120
21,449,199
21,310,281
21,408,227
21,592,117
21,577,128
21,598,116
22,601,115
22,603,115
22,606,114
22,608,113
22,609,113
22,610,112
22,354,266
22,308,291
22,455,206
23,611,110
23,610,109
23,610,108
23,609,107
23,607,107
23,605,106
23,603,105
23,600,104
23,598,103
23,595,102
23,590,102
23,587,101
23,583,100
23,578,99
24,574,98
24,568,97
24,561,97
24,554,97
24,548,96
24,540,96
24,532,96
24,524,95
24,516,95
24,507,95
24,329,197
24,426,133
24,479,94
24,469,94
24,458,94
24,446,95
24,434,95
24,421,96
24,409,96
24,396,97
24,384,97
24,370,98
24,357,98
24,343,99
24,330,99
24,316,99
24,302,99
24,288,99
24,274,99
24,259,99
24,245,99
24,230,99
24,217,98
24,178,112
24,175,105
23,142,115
23,51,154
23,20,160
23,0,151
23,0,130
23,0,116
23,0,110
23,0,99
23,0,82
22,0,50
22,0,48
22,0,48
22,0,46
22,0,49
22,0,64
22,0,56
21,0,47
21,0,41
21,0,29
21,0,23
21,0,15
20,0,7
20,0,4
20,0,2
20,0,0
20,0,0
19,0,0
19,0,0
19,0,0
19,0,0
19,0,0
19,0,0
18,0,0
18,0,0
18,0,0
18,0,0
18,0,0
18,0,0
18,0,0
17,0,0
17,0,0
17,0,0
17,0,0
17,0,0
17,0,0
17,0,0
17,0,0
17,0,0
17,0,0
17,0,0
17,0,0
17,0,0
16,0,0
16,0,0
16,0,0
16,0,0
16,0,0
16,0,0
16,0,0
16,0,0
16,0,0
16,0,0
16,0,0
16,0,0
16,0,0
16,0,0
16,0,0
16,0,0
16,0,0
16,0,0
16,0,0
16,0,0
16,0,0
16,0,0
16,0,0
16,0,0
16,0,0
16,0,0
16,0,0
16,0,0
15,0,0
15,0,0
15,0,0
15,0,0
15,0,0
15,0,0
15,0,0
15,0,0
15,0,0
15,0,0
15,0,0
15,0,0
15,0,0
15,0,0
15,0,0
15,0,0
15,0,0
15,0,0
15,0,0
15,0,0
15,0,0
15,0,0
15,0,0
15,0,0
15,0,0
15,0,0
15,0,0
15,0,0
15,0,0
15,0,0
15,0,0
15,0,0
15,0,0
15,0,0
15,0,0
15,0,0
15,0,0
15,0,0
15,0,0
15,0,0
15,0,0
15,0,0
15,0,0
15,0,0
15,0,0
15,0,0
15,0,0
15,0,0
15,0,0
15,0,0
15,0,0
15,0,0
15,0,0
15,0,0
15,0,0
15,0,0
15,0,0
15,0,0
15,0,0
15,0,0
15,0,0
15,0,0
15,0,0
15,0,0
15,0,0
15,0,0
15,0,0
15,0,0
15,0,0
15,0,0
15,0,0
15,0,0
15,0,0
15,0,0
15,0,0
15,0,0
15,0,3
15,0,8
15,0,13
15,0,19
15,0,26
15,0,3
15,0,17
15,0,22
15,0,29
16,0,41
16,0,66
16,5,79
16,0,84
16,0,89
16,0,87
16,0,95
16,26,111
16,0,97
16,66,108
16,60,120
16,47,135
17,80,127
17,72,140
17,63,153
17,119,132
17,178,107
17,162,125
17,188,118
17,159,143
18,200,128
18,204,134
18,204,142
18,198,154
18,216,151
18,220,157
18,224,162
18,227,168
19,230,174
19,236,178
19,242,182
19,248,186
19,254,190
19,259,194
19,162,256
19,168,259
19,104,299
19,212,248
19,285,213
19,289,217
19,293,220
19,299,223
19,306,225
19,313,226
20,319,228
20,326,229
20,333,230
20,339,231
20,345,232
20,351,233
20,356,234
20,361,235
20,366,236
20,372,236
20,378,236
20,383,236
20,389,236
20,395,235
21,399,235
21,405,234
21,409,234
21,413,233
21,417,232
21,421,231
21,425,230
21,427,230
21,428,230
21,429,230
21,429,230
21,429,230
21,429,230
21,429,229
22,428,229
22,427,229
22,426,228
22,424,228
22,423,227
22,422,226
22,420,225
22,420,223
22,417,222
22,416,220
22,413,219
22,411,217
22,409,215
22,406,213
22,402,212
22,398,210
22,395,208
22,390,206
22,383,206
22,377,205
23,370,204
23,363,203
23,357,201
23,349,200
23,341,199
23,334,197
23,326,196
23,166,280
23,130,292
23,182,259
23,188,249
23,226,221
23,66,297
23,190,227
23,193,218
23,170,223
23,110,247
23,40,273
23,0,282
23,47,255
23,144,198
23,146,189
22,147,180
22,96,199
22,80,199
22,13,222
22,0,209
22,1,210
22,16,195
22,46,173
22,34,170
22,0,128
22,0,120
22,0,92
22,0,96
22,0,127
22,0,93
21,0,105
21,0,97
21,0,85
21,0,85
21,0,63
21,0,43
21,0,51
21,0,48
21,0,31
20,0,34
20,0,40
20,0,31
20,0,24
20,0,15
20,0,17
19,0,9
19,0,4
19,0,1
19,0,0
19,0,0
19,0,0
18,0,0
18,0,0
18,0,0
18,0,0
18,0,0
18,0,0
18,0,0
18,0,0
18,0,0
18,0,0
18,0,0
18,0,0
18,0,0
18,0,0
18,0,0
18,0,0
18,0,0
18,0,0
17,0,0
17,0,0
17,0,0
17,0,0
17,0,0
17,0,0
17,0,0
17,0,0
17,0,0
17,0,0
17,0,0
16,0,0
16,0,0
16,0,0
16,0,0
16,0,0
16,0,0
16,0,0
16,0,0
16,0,0
16,0,0
16,0,0
16,0,0
16,0,0
16,0,0
16,0,0
16,0,0
16,0,0
16,0,0
16,0,0
16,0,0
16,0,0
16,0,0
16,0,0
16,0,0
15,0,0
15,0,0
15,0,0
15,0,0
15,0,0
15,0,0
15,0,0
15,0,0
15,0,0
15,0,0
15,0,0
15,0,0
15,0,0
15,0,0
15,0,0
15,0,0
15,0,0
15,0,0
15,0,0
15,0,0
15,0,0
15,0,0
15,0,0
15,0,0
15,0,0
15,0,0
15,0,0
15,0,0
14,0,0
14,0,0
14,0,0
14,0,0
14,0,0
14,0,0
14,0,0
14,0,0
14,0,0
14,0,0
14,0,0
14,0,0
14,0,0
14,0,0
14,0,0
14,0,0
14,0,0
14,0,0
14,0,0
14,0,0
14,0,0
14,0,0
14,0,0
14,0,0
14,0,0
14,0,0
14,0,0
14,0,0
14,0,0
14,0,0
14,0,0
14,0,0
14,0,0
14,0,0
14,0,0
14,0,0
14,0,0
14,0,0
14,0,0
14,0,0
14,0,0
14,0,0
14,0,0
14,0,0
14,0,0
14,0,0
14,0,0
14,0,0
14,0,2
14,0,3
14,0,5
14,0,8
14,0,10
14,0,2
14,0,20
14,0,24
14,0,8
14,0,32
14,0,51
14,0,32
14,0,11
14,0,57
14,0,36
14,0,39
14,0,35
14,0,48
14,0,62
15,0,109
15,0,124
15,21,146
15,32,150
15,0,163
15,11,178
15,0,135
16,0,177
16,0,151
16,0,143
16,115,170
16,124,174
17,133,178
17,142,182
17,151,186
17,159,190
17,152,203
18,177,197
18,185,201
18,195,204
18,205,206
18,214,209
19,223,212
19,232,214
19,242,216
19,251,218
19,260,220
19,269,222
20,277,224
20,285,226
20,294,227
20,302,229
20,309,230
20,316,232
21,322,234
21,328,235
21,334,237
21,340,238
21,345,240
21,350,241
22,355,242
22,360,243
22,365,244
22,368,246
22,372,247
22,374,249
22,376,251
22,379,252
23,381,254
23,383,255
23,384,256
23,385,258
23,386,259
23,387,260
23,387,261
23,389,261
23,390,261
23,393,260
23,395,259
23,396,258
24,397,257
24,398,256
24,399,255
24,400,253
24,359,276
24,400,251
24,400,249
24,396,249
24,390,251
24,384,252
24,314,290
24,263,316
24,342,268
24,229,328
24,221,329
24,337,260
24,207,329
24,324,259
24,316,259
24,148,347
24,191,319
24,132,345
24,0,365
24,34,380
24,171,308
24,23,374
24,167,298
24,222,261
25,0,343
25,0,232
25,0,226
25,0,154
25,0,134
25,0,176
25,0,319
25,0,278
25,61,282
25,146,230
25,136,227
25,136,219
25,128,215
25,121,210
25,114,206
25,107,201
24,102,195
24,96,190
24,90,185
24,85,179
24,79,174
24,74,168
24,68,162
24,63,156
24,57,151
24,52,145
24,43,141
24,0,120
24,0,115
24,0,97
24,0,55
23,0,45
23,13,106
23,0,99
23,0,93
23,4,87
23,3,80
23,0,74
23,0,54
22,0,53
22,0,48
22,0,40
22,0,37
21,0,31
21,0,25
21,0,20
20,0,14
20,0,10
20,0,5
20,0,2
19,0,0
19,0,0
19,0,0
19,0,0
19,0,0
19,0,0
18,0,0
18,0,0
18,0,0
18,0,0
18,0,0
18,0,0
18,0,0
18,0,0
17,0,0
17,0,0
17,0,0
17,0,0
17,0,0
17,0,0
17,0,0
17,0,0
17,0,0
17,0,0
17,0,0
17,0,0
17,0,0
17,0,0
17,0,0
16,0,0
16,0,0
16,0,0
16,0,0
16,0,0
16,0,0
16,0,0
16,0,0
16,0,0
16,0,0
16,0,0
16,0,0
16,0,0
15,0,0
15,0,0
15,0,0
15,0,0
15,0,0
15,0,0
15,0,0
15,0,0
15,0,0
15,0,0
15,0,0
15,0,0
15,0,0
15,0,0
15,0,0
15,0,0
15,0,0
15,0,0
15,0,0
15,0,0
15,0,0
15,0,0
15,0,0
15,0,0
15,0,0
15,0,0
15,0,0
15,0,0
15,0,0
15,0,0
15,0,0
15,0,0
15,0,0
15,0,0
15,0,0
15,0,0
15,0,0
15,0,0
15,0,0
15,0,0
15,0,0
15,0,0
15,0,0
15,0,0
15,0,0
15,0,0
15,0,0
15,0,0
15,0,0
15,0,0
15,0,0
15,0,0
15,0,0
15,0,0
15,0,0
15,0,0
15,0,0
15,0,0
15,0,0
15,0,0
15,0,0
15,0,0
15,0,0
15,0,0
15,0,0
15,0,0
15,0,0
15,0,0
15,0,0
15,0,0
15,0,0
15,0,0
15,0,0
15,0,0
14,0,0
14,0,0
14,0,0
14,0,0
14,0,0
14,0,0
14,0,0
14,0,0
14,0,0
14,0,0
14,0,0
14,0,0
14,0,0
14,0,0
14,0,1
14,0,2
14,0,5
14,0,8
14,0,13
14,0,16
14,0,15
14,0,21
14,0,23
14,0,32
14,0,18
14,0,30
14,0,35
14,0,37
15,0,42
15,0,53
15,0,56
15,0,49
15,0,41
15,0,40
16,0,43
16,0,64
16,0,52
16,0,41
16,0,44
17,0,49
17,0,58
17,0,63
17,0,69
17,0,80
18,0,102
18,0,102
18,0,145
18,0,159
18,0,113
19,0,115
19,0,143
19,0,170
19,0,192
19,0,221
19,0,238
19,0,301
19,91,276
19,164,245
19,181,243
19,188,247
20,197,249
20,204,252
20,211,255
20,219,257
20,226,260
20,234,262
20,243,263
20,251,264
20,260,265
20,268,266
20,275,267
20,284,267
20,291,268
20,299,268
20,280,283
20,314,268
20,321,268
20,327,268
20,331,269
20,295,293
20,258,316
19,0,440
19,24,436
19,0,307
19,0,330
19,0,339
19,0,318
19,0,290
19,0,243
18,0,271
18,0,264
18,0,238
18,0,187
18,0,200
18,0,219
17,0,141
17,0,146
17,0,163
17,0,129
17,0,108
16,0,78
16,0,60
16,0,47
16,0,34
16,0,77
16,0,131
15,0,197
15,0,150
15,0,154
15,0,181
15,0,239
15,0,230
15,0,221
14,0,168
14,0,223
14,0,238
14,0,212
14,0,221
14,0,218
13,0,166
13,0,144
13,0,137
13,0,112
13,0,137
13,0,163
12,0,165
12,0,166
12,0,168
12,0,169
12,0,184
12,0,189
12,0,194
12,0,218
12,0,213
12,0,222
11,0,207
11,0,188
11,0,170
11,0,176
11,0,178
11,0,180
11,0,154
11,0,141
11,0,123
11,0,124
11,0,121
11,0,119
11,0,116
10,0,130
10,0,141
10,0,142
10,0,142
10,0,142
10,0,136
10,0,108
10,0,91
10,0,92
10,0,81
10,0,76
10,0,69
10,0,57
10,0,62
10,0,50
10,0,42
10,0,39
10,0,33
10,0,27
10,0,15
10,0,9
9,0,5
9,0,2
9,0,1
9,0,0
9,0,0
9,0,0
9,0,0
9,0,0
9,0,0
9,0,0
9,0,0
9,0,0
9,0,0
9,0,0
9,0,0
9,0,0
9,0,0
9,0,0
9,0,0
9,0,0
9,0,0
9,0,0
9,0,0
9,0,0
9,0,0
9,0,0
9,0,0
9,0,0
9,0,0
9,0,0
9,0,0
9,0,0
9,0,0
9,0,0
9,0,0
9,0,0
9,0,0
9,0,0
9,0,0
9,0,0
9,0,0
9,0,0
9,0,0
9,0,0
9,0,0
9,0,0
9,0,0
9,0,0
9,0,0
9,0,0
9,0,0
9,0,0
9,0,0
9,0,0
9,0,0
9,0,0
9,0,0
9,0,0
9,0,0
9,0,0
9,0,0
9,0,0
9,0,0
9,0,0
9,0,0
9,0,0
9,0,0
9,0,0
9,0,0
9,0,0
9,0,0
9,0,0
9,0,0
9,0,0
9,0,0
9,0,0
9,0,0
9,0,0
9,0,0
9,0,0
9,0,0
9,0,0
9,0,0
9,0,0
9,0,0
9,0,0
9,0,0
9,0,0
9,0,0
8,0,0
8,0,0
8,0,0
8,0,0
8,0,0
8,0,0
8,0,0
8,0,0
8,0,0
8,0,0
8,0,0
8,0,0
8,0,0
8,0,0
8,0,0
8,0,0
8,0,0
8,0,0
8,0,0
8,0,0
8,0,0
8,0,0
8,0,0
8,0,0
8,0,0
8,0,0
8,0,0
8,0,0
8,0,0
8,0,0
8,0,0
8,0,0
7,0,0
7,0,0
7,0,0
7,0,0
7,0,0
7,0,0
7,0,0
7,0,0
7,0,0
7,0,0
7,0,0
7,0,0
7,0,2
7,0,4
7,0,7
7,0,11
7,0,14
7,0,20
7,0,18
7,0,24
7,0,29
8,0,40
8,0,45
8,0,38
8,0,38
8,0,40
8,0,41
8,0,51
8,0,74
8,0,91
8,0,130
8,0,136
8,0,142
8,0,144
8,0,172
8,0,171
8,0,168
8,61,176
8,141,144
8,232,100
8,269,86
9,279,89
9,308,80
9,320,81
9,331,83
9,344,84
9,356,85
9,367,86
9,380,86
9,391,87
9,281,162
9,181,225
9,175,235
9,153,253
10,105,283
10,37,318
10,89,303
10,135,288
10,156,284
10,146,295
10,167,290
10,125,316
10,196,287
10,499,118
10,542,97
10,549,98
10,558,98
10,565,99
10,572,99
10,578,100
10,585,100
11,592,100
11,598,101
11,604,101
11,609,101
11,614,102
11,619,102
11,570,136
11,576,135
11,523,171
11,525,172
11,472,206
11,474,207
11,503,192
11,450,225
11,301,311
11,214,357
11,65,426
12,46,435
12,201,369
12,157,391
12,0,450
12,0,449
12,124,409
12,53,439
12,49,441
12,111,415
12,106,417
12,175,384
12,154,393
12,117,408
12,116,406
12,190,369
12,271,324
12,312,299
12,286,310
12,282,309
12,255,320
12,231,329
12,169,357
12,97,387
12,65,396
12,62,393
12,75,383
12,152,343
12,148,340
12,252,281
12,246,279
13,186,305
13,117,333
13,71,348
13,0,353
13,0,190
13,0,154
13,0,146
13,0,188
13,0,195
13,0,233
13,0,272
13,0,271
13,0,253
13,0,214
13,0,208
13,0,221
13,0,224
13,0,217
13,0,218
13,0,243
13,0,248
13,15,238
13,69,207
13,101,183
13,126,161
13,139,145
13,142,135
13,134,130
13,126,126
13,127,116
13,102,121
13,96,115
13,104,102
13,105,92
13,49,114
12,49,105
12,47,97
12,0,110
12,0,101
12,2,93
12,20,77
12,11,73
12,8,66
12,21,52
12,1,54
12,0,45
11,3,38
11,4,31
11,3,24
11,2,18
11,0,13
11,0,6
10,0,1
10,0,0
10,0,0
10,0,0
10,0,0
10,0,0
9,0,0
9,0,0
9,0,0
9,0,0
9,0,0
9,0,0
8,0,0
8,0,0
8,0,0
8,0,0
8,0,0
8,0,0
8,0,0
8,0,0
8,0,0
8,0,0
8,0,0
7,0,0
7,0,0
7,0,0
7,0,0
7,0,0
7,0,0
7,0,0
7,0,0
7,0,0
7,0,0
7,0,0
6,0,0
6,0,0
6,0,0
6,0,0
6,0,0
6,0,0
6,0,0
6,0,0
6,0,0
6,0,0
6,0,0
5,0,0
5,0,0
5,0,0
5,0,0
5,0,0
5,0,0
5,0,0
5,0,0
5,0,0
4,0,0
4,0,0
4,0,0
4,0,0
4,0,0
4,0,0
4,0,0
4,0,0
4,0,0
3,0,0
3,0,0
3,0,0
3,0,0
3,0,0
3,0,0
3,0,0
3,0,0
3,0,0
3,0,0
3,0,0
3,0,0
3,0,0
3,0,0
2,0,0
2,0,0
2,0,0
2,0,0
2,0,0
2,0,0
2,0,0
2,0,0
2,0,0
2,0,0
2,0,0
2,0,0
2,0,0
2,0,0
2,0,0
2,0,0
2,0,0
2,0,0
2,0,0
2,0,0
2,0,0
2,0,0
2,0,0
2,0,0
2,0,0
1,0,0
1,0,0
1,0,0
1,0,0
1,0,0
1,0,0
1,0,0
1,0,0
1,0,0
1,0,0
1,0,0
1,0,0
1,0,0
1,0,0
1,0,0
1,0,0
1,0,0
1,0,0
1,0,0
1,0,0
1,0,0
1,0,0
1,0,0
1,0,0
1,0,0
1,0,0
1,0,0
1,0,3
1,1,9
1,4,14
2,5,20
2,15,22
2,21,26
2,20,34
3,36,33
3,45,36
3,54,39
3,64,42
4,73,45
4,84,47
4,95,50
5,106,52
5,118,54
5,130,56
5,141,58
6,153,60
6,165,62
6,177,64
7,189,66
7,202,67
7,214,69
7,226,70
8,238,72
8,251,73
8,264,74
9,275,76
9,288,77
9,300,78
9,312,79
10,325,80
10,337,81
10,349,82
10,360,83
10,372,84
11,383,85
11,394,86
11,405,87
11,416,88
11,427,89
12,376,127
12,311,173
12,402,126
12,469,91
12,478,92
12,487,93
12,497,93
13,506,94
13,515,94
13,523,95
13,531,96
13,539,96
13,546,97
13,552,98
13,558,99
13,565,99
14,571,100
14,576,101
14,582,101
14,447,188
14,267,294
14,43,401
14,0,337
14,0,332
14,0,393
14,0,387
14,18,423
14,0,425
14,0,401
14,0,429
14,33,425
14,63,415
14,78,410
15,95,404
15,145,383
15,108,401
15,41,429
15,69,419
15,8,442
15,0,413
15,0,394
15,0,384
15,0,383
15,0,364
15,0,363
15,0,378
15,0,376
15,0,374
15,0,372
15,0,354
15,0,351
15,0,357
15,0,338
15,0,351
15,0,379
15,0,368
15,0,388
15,0,391
15,0,403
15,0,397
15,23,393
15,8,394
15,18,386
15,15,382
15,1,382
15,0,377
15,8,369
16,0,356
16,0,356
16,23,347
16,31,338
16,114,296
16,108,292
16,65,305
16,122,272
16,200,225
16,123,258
16,115,255
16,134,238
16,103,246
16,182,197
16,213,172
16,259,137
16,271,121
16,261,119
16,251,116
16,200,138
16,94,188
16,63,195
16,22,205
16,0,201
16,0,189
16,0,166
16,0,161
16,0,149
15,0,157
15,0,154
15,48,127
15,22,131
15,5,130
15,11,119
15,32,101
15,3,106
15,12,94
15,52,66
15,43,63
15,29,62
15,18,60
15,20,51
14,15,46
14,0,44
14,0,34
14,0,31
14,0,23
14,0,16
13,0,9
13,0,5
13,0,2
13,0,0
13,0,0
13,0,0
13,0,0
12,0,0
12,0,0
12,0,0
12,0,0
12,0,0
12,0,0
12,0,0
11,0,0
11,0,0
11,0,0
11,0,0
11,0,0
11,0,0
11,0,0
11,0,0
11,0,0
11,0,0
11,0,0
11,0,0
11,0,0
11,0,0
11,0,0
11,0,0
11,0,0
11,0,0
11,0,0
11,0,0
11,0,0
11,0,0
11,0,0
11,0,0
10,0,0
10,0,0
10,0,0
10,0,0
10,0,0
10,0,0
10,0,0
10,0,0
10,0,0
10,0,0
10,0,0
9,0,0
9,0,0
9,0,0
9,0,0
9,0,0
9,0,0
9,0,0
9,0,0
9,0,0
9,0,0
9,0,0
9,0,0
9,0,0
9,0,0
9,0,0
9,0,0
9,0,0
9,0,0
9,0,0
9,0,0
9,0,0
9,0,0
9,0,0
9,0,0
9,0,0
8,0,0
8,0,0
8,0,0
8,0,0
8,0,0
8,0,0
8,0,0
8,0,0
8,0,0
8,0,0
8,0,0
8,0,0
8,0,0
8,0,0
8,0,0
8,0,0
8,0,0
8,0,0
8,0,0
8,0,0
8,0,0
8,0,0
8,0,0
8,0,0
8,0,0
8,0,0
8,0,0
7,0,0
7,0,0
7,0,0
7,0,0
7,0,0
7,0,0
7,0,0
7,0,0
7,0,0
7,0,0
7,0,0
7,0,0
7,0,0
7,0,0
7,0,0
7,0,0
7,0,0
7,0,0
7,0,0
7,0,0
7,0,0
7,0,0
7,0,0
7,0,0
7,0,0
7,0,0
7,0,0
7,0,0
7,0,0
7,0,0
7,0,3
7,0,7
7,0,12
7,0,17
7,0,25
8,0,24
8,10,39
8,28,37
8,35,41
8,27,53
8,35,57
9,28,69
9,36,73
9,68,64
9,69,72
9,76,77
9,107,68
10,122,68
10,133,71
10,144,73
10,156,75
10,160,82
11,171,85
11,193,80
11,206,82
11,218,84
12,231,85
12,243,86
12,255,88
12,268,89
12,281,90
12,292,92
13,305,93
13,317,94
13,329,95
13,341,96
13,353,97
14,365,98
14,377,99
14,389,99
14,400,100
14,411,101
14,422,102
15,432,103
15,443,104
15,453,105
15,463,106
15,473,106
15,483,107
15,492,108
16,500,109
16,510,109
16,518,110
16,526,111
16,534,112
16,541,113
16,548,114
16,556,114
16,562,115
16,568,116
16,574,117
16,579,118
17,586,118
17,590,119
17,595,120
17,598,121
17,602,122
17,606,122
17,609,123
17,611,124
17,613,125
17,615,126
17,616,127
17,619,127
18,619,128
18,620,129
18,621,129
18,622,129
18,622,129
18,622,129
18,622,129
18,621,129
18,620,129
18,619,129
18,618,129
18,617,128
18,614,128
18,612,128
18,608,128
18,604,129
19,598,130
19,593,131
19,587,132
19,504,180
19,525,164
19,462,199
19,535,151
19,555,135
19,547,136
19,539,137
19,531,137
19,524,137
19,516,137
19,507,137
19,499,137
19,490,137
19,481,137
19,471,137
19,461,137
19,233,264
19,207,272
19,233,252
19,242,241
19,412,134
19,241,228
19,61,311
19,190,242
19,369,131
19,358,130
19,347,129
19,336,128
19,325,126
19,314,125
19,302,124
19,291,122
19,269,127
19,241,135
19,164,171
19,122,185
19,87,195
19,100,180
19,144,148
19,158,131
18,119,144
18,162,111
18,123,124
18,90,133
18,84,128
18,56,134
18,79,113
18,109,87
18,99,84
18,93,79
18,84,75
18,75,71
18,67,67
18,58,64
17,50,60
17,42,56
17,26,57
17,29,47
17,23,43
17,11,42
17,6,37
17,3,32
17,0,24
17,0,16
16,0,9
16,0,5
16,0,2
16,0,0
16,0,0
16,0,0
16,0,0
16,0,0
16,0,0
15,0,0
15,0,0
15,0,0
15,0,0
15,0,0
15,0,0
15,0,0
15,0,0
15,0,0
15,0,0
14,0,0
14,0,0
14,0,0
14,0,0
14,0,0
14,0,0
14,0,0
14,0,0
14,0,0
14,0,0
14,0,0
14,0,0
13,0,0
13,0,0
13,0,0
13,0,0
13,0,0
13,0,0
13,0,0
13,0,0
13,0,0
13,0,0
13,0,0
13,0,0
13,0,0
13,0,0
13,0,0
12,0,0
12,0,0
12,0,0
12,0,0
12,0,0
12,0,0
12,0,0
12,0,0
12,0,0
12,0,0
12,0,0
12,0,0
12,0,0
12,0,0
12,0,0
12,0,0
12,0,0
12,0,0
12,0,0
12,0,0
12,0,0
12,0,0
11,0,0
11,0,0
11,0,0
11,0,0
11,0,0
11,0,0
11,0,0
11,0,0
11,0,0
11,0,0
11,0,0
11,0,0
11,0,0
11,0,0
11,0,0
11,0,0
11,0,0
11,0,0
11,0,0
11,0,0
11,0,0
11,0,0
11,0,0
11,0,0
11,0,0
11,0,0
11,0,0
11,0,0
11,0,0
11,0,0
11,0,0
11,0,0
11,0,0
11,0,0
11,0,0
11,0,0
11,0,0
11,0,0
11,0,0
11,0,0
11,0,0
11,0,0
11,0,0
11,0,0
11,0,0
11,0,0
11,0,0
11,0,0
11,0,0
11,0,0
11,0,0
11,0,0
11,0,0
11,0,0
11,0,0
11,0,0
11,0,0
11,0,0
11,0,0
11,0,0
11,0,0
11,0,0
11,0,2
11,0,6
10,0,11
10,1,19
10,3,24
11,6,29
11,15,32
11,20,36
11,0,43
11,32,45
11,39,49
11,38,58
11,47,61
12,49,69
12,50,77
12,42,90
12,18,110
12,13,120
12,0,131
12,26,132
13,23,142
13,46,140
13,81,131
13,161,95
13,181,92
14,194,94
14,206,96
14,218,98
14,230,100
14,243,101
14,254,103
15,267,104
15,247,125
15,262,125
15,276,125
15,202,176
15,213,178
16,209,188
16,205,198
16,231,191
16,241,193
16,175,236
16,168,247
16,148,264
17,127,281
17,134,284
17,139,288
17,146,291
17,153,293
17,128,311
17,118,321
17,124,324
17,98,341
18,219,287
18,225,289
18,232,290
18,237,292
18,372,221
18,453,178
18,388,221
18,395,221
18,355,248
18,315,274
19,344,261
19,373,248
19,509,171
19,382,249
19,290,303
19,292,305
19,293,307
19,391,254
19,527,176
19,474,210
19,503,194
19,504,195
19,398,259
20,564,161
20,506,197
20,448,233
20,473,219
20,442,238
20,314,311
20,287,326
20,307,315
20,352,290
20,399,263
20,421,249
20,294,320
20,291,320
20,202,365
20,310,306
20,355,279
20,354,277
20,556,154
20,552,154
20,528,165
21,544,152
21,540,151
21,534,151
21,529,150
21,523,149
21,518,148
21,377,228
21,324,254
21,362,227
21,249,286
21,170,322
21,132,335
21,84,352
21,94,342
21,91,338
21,102,327
21,126,310
21,121,306
21,175,273
21,384,148
21,133,281
21,142,270
21,135,267
21,335,148
21,208,214
21,229,195
21,348,117
21,338,115
21,291,135
21,93,236
21,208,167
21,253,133
21,285,105
21,274,103
21,248,110
21,240,106
21,205,118
21,121,157
21,61,179
21,57,173
21,0,174
21,35,166
21,39,156
21,49,143
20,65,126
20,0,115
20,0,105
20,0,96
20,0,101
20,0,112
20,76,68
20,43,78
20,55,63
20,14,76
20,0,73
19,14,60
19,0,51
19,0,47
19,0,40
19,8,34
19,0,26
19,0,16
19,0,8
19,0,6
18,0,4
18,0,1
18,0,0
18,0,0
18,0,0
18,0,0
18,0,0
18,0,0
17,0,0
17,0,0
17,0,0
17,0,0
17,0,0
17,0,0
17,0,0
17,0,0
17,0,0
17,0,0
17,0,0
17,0,0
17,0,0
17,0,0
16,0,0
16,0,0
16,0,0
16,0,0
16,0,0
16,0,0
16,0,0
16,0,0
16,0,0
16,0,0
16,0,0
16,0,0
16,0,0
16,0,0
16,0,0
16,0,0
16,0,0
16,0,0
16,0,0
16,0,0
16,0,0
16,0,0
16,0,0
16,0,0
16,0,0
16,0,0
16,0,0
16,0,0
16,0,0
16,0,0
16,0,0
16,0,0
16,0,0
16,0,0
16,0,0
16,0,0
16,0,0
15,0,0
15,0,0
15,0,0
15,0,0
15,0,0
15,0,0
15,0,0
15,0,0
15,0,0
15,0,0
15,0,0
15,0,0
15,0,0
15,0,0
15,0,0
15,0,0
15,0,0
15,0,0
15,0,0
15,0,0
15,0,0
15,0,0
15,0,0
15,0,0
15,0,0
15,0,0
15,0,0
15,0,0
15,0,0
15,0,0
15,0,0
15,0,0
15,0,0
15,0,0
15,0,0
15,0,0
15,0,0
15,0,0
15,0,0
15,0,0
14,0,0
14,0,0
14,0,0
14,0,0
14,0,0
14,0,0
14,0,0
14,0,0
14,0,0
14,0,0
14,0,0
14,0,0
14,0,0
14,0,0
14,0,0
14,0,0
14,0,0
14,0,0
14,0,0
14,0,0
14,0,0
14,0,0
14,0,0
14,0,0
14,0,0
14,0,0
14,0,0
14,0,0
14,0,0
14,0,2
14,0,4
14,0,7
14,0,10
13,0,15
13,0,20
13,0,23
14,0,27
14,0,40
14,0,46
14,0,52
14,0,55
14,0,58
14,0,64
14,0,68
14,0,77
14,0,84
14,0,92
14,0,104
14,0,92
14,0,92
14,0,103
14,0,116
14,0,123
14,0,130
14,0,141
14,0,155
14,0,167
14,0,182
14,0,194
14,0,203
14,0,212
14,0,221
14,0,231
15,0,245
15,0,259
15,0,279
15,1,288
15,22,288
15,0,303
15,0,291
15,0,294
15,0,308
15,0,304
15,83,304
15,101,303
15,106,307
15,111,311
15,76,334
15,30,360
15,33,365
15,74,353
16,121,337
16,158,324
16,181,318
16,204,312
16,267,283
16,233,307
16,259,298
16,374,237
16,382,237
16,390,237
16,394,239
16,398,241
16,402,243
16,403,246
16,405,248
16,406,251
16,339,293
16,294,321
16,271,336
16,207,373
16,186,386
16,165,398
16,145,409
17,223,371
17,288,337
17,384,283
17,313,324
17,247,361
17,227,372
17,366,295
17,410,269
17,411,268
17,412,267
17,412,266
17,413,264
17,412,263
17,411,262
17,391,272
17,406,261
17,400,262
17,396,262
17,392,261
17,387,261
17,381,261
17,375,261
17,370,260
17,365,259
17,358,259
17,352,258
17,347,256
17,344,253
17,340,251
17,133,359
17,332,245
17,328,242
17,225,295
17,320,235
17,315,232
17,310,229
17,304,226
17,300,222
17,60,342
17,136,299
17,77,321
17,125,291
17,94,299
17,54,311
17,40,310
17,0,317
17,5,309
17,0,283
17,111,246
17,207,185
17,196,183
17,206,169
17,198,165
17,142,188
16,155,172
16,170,154
16,162,150
16,154,145
16,120,156
16,78,169
16,90,154
16,61,160
16,56,154
16,37,154
16,22,152
16,0,116
16,14,138
15,0,124
15,0,83
15,0,74
15,0,62
15,0,58
15,0,54
15,0,51
15,0,49
15,0,43
15,0,39
14,0,33
14,0,35
14,0,36
14,0,29
14,0,18
14,0,12
14,0,7
13,0,4
13,0,2
13,0,0
13,0,0
13,0,0
13,0,0
13,0,0
13,0,0
12,0,0
12,0,0
12,0,0
12,0,0
12,0,0
12,0,0
12,0,0
12,0,0
12,0,0
12,0,0
12,0,0
11,0,0
11,0,0
11,0,0
11,0,0
11,0,0
11,0,0
11,0,0
11,0,0
11,0,0
11,0,0
11,0,0
11,0,0
11,0,0
10,0,0
10,0,0
10,0,0
10,0,0
10,0,0
10,0,0
10,0,0
10,0,0
10,0,0
10,0,0
10,0,0
10,0,0
10,0,0
10,0,0
10,0,0
10,0,0
10,0,0
10,0,0
10,0,0
10,0,0
10,0,0
10,0,0
10,0,0
10,0,0
10,0,0
10,0,0
10,0,0
10,0,0
10,0,0
10,0,0
10,0,0
10,0,0
10,0,0
10,0,0
10,0,0
10,0,0
10,0,0
9,0,0
9,0,0
9,0,0
9,0,0
9,0,0
9,0,0
9,0,0
9,0,0
9,0,0
9,0,0
9,0,0
9,0,0
9,0,0
9,0,0
9,0,0
9,0,0
8,0,0
8,0,0
8,0,0
8,0,0
8,0,0
8,0,0
8,0,0
8,0,0
8,0,0
8,0,0
8,0,0
8,0,0
8,0,0
8,0,0
8,0,0
8,0,0
8,0,0
8,0,0
8,0,0
8,0,0
8,0,0
8,0,0
8,0,0
8,0,0
8,0,0
8,0,0
8,0,0
8,0,0
8,0,0
8,0,0
8,0,0
7,0,0
7,0,0
7,0,0
7,0,0
7,0,0
7,0,0
7,0,0
7,0,0
7,0,0
7,0,0
7,0,0
7,0,0
7,0,1
7,0,3
7,0,6
7,0,9
7,0,12
7,0,15
7,0,17
7,0,18
7,0,20
7,0,21
7,0,23
7,0,25
8,0,27
8,0,29
8,0,30
8,0,28
8,0,27
8,0,26
8,0,24
8,0,38
8,0,53
8,0,56
8,0,43
8,0,43
8,0,43
8,0,42
8,0,48
8,0,52
8,0,75
8,0,92
8,0,123
8,0,177
9,0,201
9,0,220
9,0,218
9,0,260
9,0,276
9,14,284
9,39,282
9,79,272
9,100,270
9,21,314
9,38,315
9,159,264
9,172,265
9,125,297
10,67,332
10,49,347
10,8,370
10,0,306
10,0,244
10,0,208
10,0,262
10,0,280
10,0,259
11,0,299
11,0,290
11,0,354
11,0,258
11,0,291
11,0,364
11,69,413
11,376,259
11,271,322
11,479,206
12,491,202
12,343,292
12,277,331
12,36,447
12,0,351
12,161,398
12,227,367
12,230,368
12,513,210
12,547,191
13,383,289
13,587,169
13,614,153
13,618,151
13,422,269
13,623,148
13,626,146
13,628,145
13,630,143
13,631,141
13,633,139
13,355,303
14,356,301
14,435,254
14,463,236
14,101,423
14,195,378
14,459,231
14,35,443
14,117,407
14,213,359
14,254,335
14,370,268
14,392,252
14,465,205
14,406,236
14,282,301
14,122,377
14,172,349
14,151,355
14,0,386
14,460,176
14,191,321
14,0,295
14,0,304
14,0,300
14,0,302
14,0,283
14,0,214
14,0,216
14,0,333
14,236,245
14,78,317
14,234,233
14,0,114
14,0,198
14,0,287
14,10,311
14,35,295
14,3,299
14,0,293
14,61,262
14,0,269
14,42,255
14,0,236
14,0,131
14,0,102
14,0,94
14,0,99
14,0,123
14,0,167
14,17,201
14,21,191
14,32,178
14,5,180
14,104,125
13,89,124
13,135,89
13,57,123
13,0,101
13,0,117
13,0,107
13,0,95
13,0,88
13,0,86
13,0,67
12,0,53
12,0,50
12,0,42
11,0,39
11,0,35
11,11,38
11,0,27
10,0,18
10,0,11
10,0,7
9,0,4
9,0,1
9,0,0
8,0,0
8,0,0
8,0,0
7,0,0
7,0,0
7,0,0
6,0,0
6,0,0
6,0,0
6,0,0
5,0,0
5,0,0
5,0,0
5,0,0
5,0,0
5,0,0
5,0,0
5,0,0
5,0,0
5,0,0
5,0,0
4,0,0
4,0,0
4,0,0
4,0,0
4,0,0
4,0,0
4,0,0
4,0,0
4,0,0
4,0,0
4,0,0
4,0,0
4,0,0
4,0,0
4,0,0
4,0,0
4,0,0
4,0,0
4,0,0
4,0,0
4,0,0
4,0,0
4,0,0
4,0,0
4,0,0
4,0,0
4,0,0
4,0,0
4,0,0
4,0,0
4,0,0
4,0,0
4,0,0
4,0,0
4,0,0
4,0,0
4,0,0
4,0,0
4,0,0
4,0,0
4,0,0
4,0,0
4,0,0
4,0,0
4,0,0
4,0,0
4,0,0
4,0,0
4,0,0
4,0,0
4,0,0
4,0,0
4,0,0
4,0,0
4,0,0
4,0,0
4,0,0
4,0,0
4,0,0
4,0,0
4,0,0
4,0,0
4,0,0
4,0,0
4,0,0
4,0,0
4,0,0
4,0,0
4,0,0
4,0,0
4,0,0
4,0,0
4,0,0
4,0,0
4,0,0
4,0,0
4,0,0
4,0,0
4,0,0
4,0,0
4,0,0
4,0,0
4,0,0
4,0,0
4,0,0
4,0,0
4,0,0
4,0,0
4,0,0
4,0,0
4,0,0
4,0,0
4,0,0
4,0,0
4,0,0
4,0,0
4,0,0
4,0,0
4,0,0
4,0,0
4,0,0
4,0,0
4,0,0
4,0,3
4,0,8
4,0,13
4,0,19
4,0,28
4,0,35
4,9,39
4,15,44
4,18,50
4,14,60
4,0,66
4,6,80
5,7,88
5,0,75
5,0,87
5,0,100
5,0,106
5,0,84
5,0,91
5,0,115
5,0,135
5,18,159
5,47,155
5,130,121
5,100,146
5,158,123
5,177,121
5,0,174
5,0,212
5,0,186
5,0,122
5,0,146
5,0,156
5,0,141
6,0,155
6,0,170
6,0,194
6,0,226
6,15,293
6,59,283
6,32,300
6,6,316
6,0,292
6,0,262
6,0,327
6,0,301
6,0,300
6,21,350
6,0,348
6,50,351
6,0,362
6,56,360
6,0,367
6,0,365
6,12,391
6,13,396
6,0,398
6,0,361
6,0,280
6,0,299
7,0,302
7,0,396
7,0,427
7,0,395
7,0,355
7,0,341
7,0,318
7,0,288
7,0,259
7,0,238
7,0,231
7,0,232
7,0,219
6,0,205
6,0,206
6,0,192
6,0,186
6,0,186
6,0,159
6,0,159
6,0,145
6,0,132
5,0,126
5,0,125
5,0,131
5,0,137
5,0,136
5,0,161
5,0,153
4,0,140
4,0,145
4,0,121
4,0,204
4,0,108
5,0,91
5,0,162
5,0,155
5,0,228
5,0,333
5,0,276
5,0,230
5,0,188
5,0,137
5,0,129
5,0,145
5,0,138
5,0,165
5,0,213
5,0,270
5,0,239
5,0,318
5,0,292
5,0,329
5,0,345
5,1,360
5,0,339
6,19,342
6,16,337
6,0,286
6,0,273
6,0,248
6,0,231
6,0,225
6,0,208
6,0,207
6,0,177
6,0,140
6,0,179
6,0,240
6,0,218
6,0,183
6,0,194
6,0,217
6,117,179
6,39,207
6,108,167
6,65,180
6,181,110
6,101,146
6,228,64
6,214,63
6,201,62
6,188,61
6,156,71
6,58,117
6,34,120
6,0,111
6,0,95
6,0,96
6,0,95
6,0,79
6,0,73
6,0,65
6,0,56
6,0,45
6,0,45
6,0,46
6,0,30
6,0,20
6,0,14
6,0,9
6,0,5
6,0,2
6,0,1
6,0,0
6,0,0
6,0,0
6,0,0
6,0,0
6,0,0
6,0,0
6,0,0
6,0,0
6,0,0
6,0,0
6,0,0
6,0,0
6,0,0
6,0,0
6,0,0
5,0,0
5,0,0
5,0,0
5,0,0
5,0,0
5,0,0
5,0,0
5,0,0
5,0,0
5,0,0
5,0,0
5,0,0
5,0,0
5,0,0
5,0,0
5,0,0
5,0,0
5,0,0
5,0,0
5,0,0
5,0,0
5,0,0
5,0,0
5,0,0
5,0,0
5,0,0
5,0,0
5,0,0
5,0,0
5,0,0
5,0,0
5,0,0
5,0,0
5,0,0
5,0,0
5,0,0
5,0,0
5,0,0
5,0,0
5,0,0
5,0,0
5,0,0
5,0,0
5,0,0
5,0,0
5,0,0
5,0,0
5,0,0
5,0,0
5,0,0
5,0,0
5,0,0
5,0,0
5,0,0
5,0,0
5,0,0
5,0,0
5,0,0
5,0,0
5,0,0
5,0,0
5,0,0
5,0,0
5,0,0
5,0,0
5,0,0
5,0,0
5,0,0
5,0,0
5,0,0
5,0,0
5,0,0
5,0,0
5,0,0
5,0,0
4,0,0
4,0,0
4,0,0
4,0,0
4,0,0
4,0,0
4,0,0
4,0,0
4,0,0
4,0,0
4,0,0
4,0,0
4,0,0
4,0,0
4,0,0
4,0,0
4,0,0
4,0,0
4,0,0
4,0,0
4,0,0
4,0,0
4,0,0
4,0,0
4,0,0
4,0,0
4,0,0
4,0,0
4,0,0
4,0,0
4,0,0
4,0,0
4,0,1
4,0,4
4,0,9
4,0,13
4,0,19
4,0,27
4,0,36
4,0,36
4,0,37
4,0,36
4,0,39
4,0,50
4,0,63
4,0,80
4,0,91
4,0,101
4,0,115
4,0,94
4,0,49
4,0,51
4,0,46
5,0,57
5,0,65
5,0,89
5,0,102
5,0,105
5,0,95
5,0,72
5,0,81
5,0,94
5,0,104
5,0,123
5,0,121
5,0,133
5,0,130
5,0,139
5,0,140
5,0,141
5,0,150
6,0,137
6,0,141
6,0,141
6,0,145
6,0,144
6,0,158
6,0,189
6,0,193
6,0,209
6,0,262
6,0,261
6,0,300
6,0,357
6,28,382
6,101,358
6,75,374
6,64,384
6,67,388
6,86,385
6,139,366
6,179,351
6,244,322
6,315,288
7,255,325
7,159,377
7,109,403
7,77,420
7,0,426
7,150,394
7,373,281
7,236,358
7,157,399
7,103,425
7,0,302
7,0,303
7,0,338
7,0,420
7,0,450
7,11,469
7,0,442
7,0,414
8,0,433
8,103,439
8,100,441
8,237,377
8,93,445
8,128,430
8,163,414
8,5,478
8,31,469
8,151,418
8,297,343
8,534,205
8,320,327
8,345,310
8,298,333
8,46,449
8,47,446
8,152,397
8,172,384
8,212,360
8,276,323
8,172,372
8,0,384
8,0,363
8,0,359
8,0,339
8,0,399
8,106,374
8,104,370
8,86,372
8,83,368
8,27,384
8,0,373
8,13,377
8,35,363
8,57,349
8,43,348
8,65,333
8,0,347
8,0,339
8,0,331
8,0,285
8,16,318
8,0,307
8,0,230
8,0,228
8,0,254
8,0,236
8,10,277
8,0,273
8,0,258
8,11,254
8,0,241
8,0,237
8,0,228
8,0,224
8,23,210
8,44,193
7,33,190
7,39,179
7,34,173
7,76,145
7,41,153
7,25,152
7,40,137
7,49,124
7,74,103
7,37,113
7,0,106
7,0,102
7,0,93
7,0,83
6,0,76
6,0,57
6,0,64
6,0,17
6,0,49
6,3,47
6,0,38
6,0,26
6,0,22
6,0,16
5,0,10
5,0,5
5,0,2
5,0,0
5,0,0
5,0,0
5,0,0
5,0,0
5,0,0
5,0,0
5,0,0
5,0,0
5,0,0
5,0,0
5,0,0
5,0,0
5,0,0
5,0,0
5,0,0
4,0,0
4,0,0
4,0,0
4,0,0
4,0,0
4,0,0
4,0,0
4,0,0
4,0,0
4,0,0
4,0,0
4,0,0
4,0,0
4,0,0
4,0,0
4,0,0
4,0,0
4,0,0
4,0,0
4,0,0
4,0,0
4,0,0
4,0,0
4,0,0
4,0,0
4,0,0
4,0,0
4,0,0
4,0,0
4,0,0
4,0,0
4,0,0
4,0,0
4,0,0
4,0,0
4,0,0
4,0,0
4,0,0
4,0,0
4,0,0
4,0,0
4,0,0
4,0,0
4,0,0
4,0,0
4,0,0
4,0,0
4,0,0
4,0,0
4,0,0
4,0,0
4,0,0
4,0,0
4,0,0
4,0,0
4,0,0
4,0,0
4,0,0
4,0,0
4,0,0
4,0,0
4,0,0
4,0,0
3,0,0
3,0,0
3,0,0
3,0,0
3,0,0
3,0,0
3,0,0
3,0,0
3,0,0
3,0,0
3,0,0
3,0,0
3,0,0
3,0,0
3,0,0
3,0,0
3,0,0
3,0,0
3,0,0
3,0,0
3,0,0
3,0,0
3,0,0
3,0,0
3,0,0
3,0,0
3,0,0
3,0,0
3,0,0
3,0,0
3,0,0
3,0,0
3,0,0
3,0,0
3,0,0
3,0,0
3,0,0
3,0,0
3,0,0
3,0,0
3,0,0
3,0,0
3,0,0
3,0,0
3,0,2
3,0,6
3,0,10
3,0,16
3,0,19
3,0,21
3,0,27
3,0,24
3,0,24
3,0,31
3,0,27
3,0,30
3,0,32
3,0,36
3,0,36
3,0,57
4,0,61
4,0,72
4,0,78
4,0,77
4,0,80
4,0,78
4,0,74
4,0,79
4,0,71
4,0,70
4,0,85
4,0,117
4,0,116
5,0,136
5,0,157
5,0,176
5,0,158
5,0,169
5,0,158
5,0,142
5,0,139
5,0,162
5,0,196
5,0,218
5,0,219
5,0,215
5,0,210
5,0,178
6,0,157
6,0,193
6,0,210
6,0,220
6,0,231
6,0,248
6,0,267
6,0,358
6,11,385
6,193,312
6,237,294
6,305,263
7,454,182
7,414,211
7,185,341
7,70,397
7,0,351
7,0,307
7,0,287
7,0,298
7,0,367
7,0,405
7,0,417
7,0,420
7,0,423
7,0,320
8,0,314
8,0,341
8,0,284
8,0,327
8,0,303
8,0,264
8,0,297
8,0,340
8,0,306
8,0,359
8,0,358
8,0,367
8,0,348
8,0,383
8,0,447
8,180,408
9,155,420
9,190,404
9,164,416
9,102,444
9,237,379
9,213,390
9,256,366
9,402,283
9,482,234
9,480,232
9,478,230
9,150,404
9,0,365
9,0,337
9,0,295
9,0,348
9,0,290
9,29,432
9,274,314
9,380,250
9,548,144
9,539,144
9,530,144
9,366,237
9,212,317
9,0,386
9,0,277
9,0,265
9,0,142
9,0,114
9,0,103
9,0,105
10,0,112
10,0,167
10,0,129
10,0,116
10,0,164
10,0,204
10,0,315
10,200,221
10,269,174
10,196,207
10,217,187
10,254,157
10,244,154
10,178,183
10,196,164
10,151,180
10,183,154
10,247,107
9,237,104
9,227,100
9,217,97
9,206,94
9,193,92
9,181,90
9,169,88
9,156,86
9,135,89
9,70,116
9,0,110
9,0,117
9,32,109
9,1,113
8,0,103
8,0,94
8,24,78
8,43,60
8,29,59
8,38,46
8,21,47
8,4,48
8,0,41
8,1,35
7,0,28
7,0,20
7,0,14
7,0,8
7,0,3
7,0,0
7,0,0
7,0,0
7,0,0
6,0,0
6,0,0
6,0,0
6,0,0
6,0,0
6,0,0
6,0,0
6,0,0
6,0,0
6,0,0
5,0,0
5,0,0
5,0,0
5,0,0
5,0,0
5,0,0
5,0,0
5,0,0
5,0,0
5,0,0
5,0,0
5,0,0
4,0,0
4,0,0
4,0,0
4,0,0
4,0,0
4,0,0
4,0,0
4,0,0
4,0,0
4,0,0
4,0,0
4,0,0
4,0,0
4,0,0
4,0,0
4,0,0
4,0,0
4,0,0
4,0,0
4,0,0
4,0,0
4,0,0
4,0,0
4,0,0
4,0,0
4,0,0
4,0,0
4,0,0
4,0,0
4,0,0
4,0,0
4,0,0
4,0,0
4,0,0
4,0,0
4,0,0
4,0,0
4,0,0
4,0,0
4,0,0
4,0,0
4,0,0
4,0,0
4,0,0
4,0,0
4,0,0
4,0,0
4,0,0
4,0,0
4,0,0
4,0,0
4,0,0
4,0,0
4,0,0
4,0,0
4,0,0
4,0,0
4,0,0
4,0,0
5,0,0
5,0,0
5,0,0
5,0,0
5,0,0
5,0,0
5,0,0
5,0,0
5,0,0
5,0,0
5,0,0
5,0,0
5,0,0
5,0,0
5,0,0
5,0,0
5,0,0
5,0,0
5,0,0
5,0,0
5,0,0
5,0,0
5,0,0
5,0,0
5,0,0
5,0,0
5,0,0
5,0,0
5,0,0
5,0,0
5,0,0
5,0,0
5,0,0
5,0,0
5,0,0
5,0,0
5,0,0
5,0,0
5,0,2
5,0,4
5,0,7
5,0,12
4,0,10
4,0,15
4,0,12
4,0,26
4,0,25
4,0,41
4,0,58
4,0,68
4,0,88
5,0,72
5,0,74
5,0,75
5,0,31
5,0,43
5,0,45
5,0,63
5,0,85
5,0,84
5,0,91
5,0,100
5,0,117
5,0,154
5,0,166
5,0,166
5,0,166
5,0,177
5,0,193
5,0,196
5,0,204
5,0,241
5,0,230
5,0,249
5,0,257
5,0,254
5,0,235
5,0,226
5,0,227
4,0,223
4,0,246
4,0,265
4,0,284
4,0,235
4,0,182
4,0,180
4,0,173
4,0,160
4,0,203
4,0,226
4,0,192
4,0,183
4,0,139
4,0,130
4,0,144
4,0,164
4,0,185
4,0,194
4,0,196
4,0,212
4,0,221
4,0,238
4,0,240
4,0,256
4,0,251
4,0,216
4,0,224
4,0,233
4,0,234
4,0,274
4,0,244
4,0,215
4,0,181
4,0,195
4,0,218
4,0,241
4,0,257
4,0,257
4,0,297
4,0,289
5,0,281
5,0,313
5,0,321
5,0,347
5,0,337
5,0,345
5,0,344
5,0,300
5,0,259
5,0,251
5,0,235
5,0,241
5,0,233
5,0,217
5,0,209
5,0,194
5,0,186
6,0,165
6,0,164
6,0,182
6,0,194
6,0,225
6,0,258
6,0,262
6,0,273
6,0,292
6,0,295
6,0,305
6,0,279
6,0,241
6,0,199
6,0,183
6,0,152
6,0,144
6,0,190
6,0,164
6,0,194
6,0,147
6,0,154
6,0,186
6,0,186
6,0,230
6,0,251
6,61,273
6,154,222
6,0,274
6,0,213
6,0,182
6,0,167
6,0,148
6,0,151
6,0,153
6,0,144
6,0,146
6,0,112
6,0,85
6,0,68
6,0,100
6,0,87
6,0,77
6,0,83
6,0,71
6,0,58
6,0,25
6,0,38
6,0,41
6,0,32
6,0,71
6,0,104
6,11,95
6,26,80
6,15,77
6,22,66
6,0,67
6,16,53
6,11,48
6,0,41
6,0,31
6,1,31
6,0,23
5,0,16
5,0,9
5,0,4
5,0,1
5,0,0
5,0,0
5,0,0
5,0,0
5,0,0
5,0,0
5,0,0
5,0,0
5,0,0
5,0,0
5,0,0
5,0,0
5,0,0
5,0,0
5,0,0
5,0,0
5,0,0
5,0,0
5,0,0
5,0,0
5,0,0
5,0,0
5,0,0
5,0,0
5,0,0
5,0,0
5,0,0
5,0,0
5,0,0
5,0,0
5,0,0
5,0,0
5,0,0
5,0,0
5,0,0
5,0,0
5,0,0
5,0,0
5,0,0
5,0,0
5,0,0
5,0,0
5,0,0
5,0,0
5,0,0
5,0,0
5,0,0
5,0,0
5,0,0
5,0,0
5,0,0
5,0,0
5,0,0
5,0,0
5,0,0
5,0,0
5,0,0
5,0,0
5,0,0
5,0,0
4,0,0
4,0,0
4,0,0
4,0,0
4,0,0
4,0,0
4,0,0
4,0,0
4,0,0
4,0,0
4,0,0
4,0,0
4,0,0
4,0,0
4,0,0
4,0,0
4,0,0
4,0,0
4,0,0
4,0,0
4,0,0
4,0,0
4,0,0
4,0,0
4,0,0
4,0,0
4,0,0
4,0,0
4,0,0
4,0,0
4,0,0
4,0,0
4,0,0
4,0,0
4,0,0
4,0,0
4,0,0
4,0,0
4,0,0
4,0,0
4,0,0
4,0,0
4,0,0
4,0,0
4,0,0
4,0,0
4,0,0
4,0,0
4,0,0
4,0,0
4,0,0
4,0,0
4,0,0
4,0,0
4,0,0
4,0,0
4,0,0
4,0,0
4,0,0
4,0,0
4,0,0
4,0,2
4,0,6
4,0,10
4,0,14
4,0,19
4,0,16
4,0,32
4,0,41
4,4,54
4,0,53
4,7,68
4,11,74
4,11,82
4,5,92
4,0,95
4,4,109
4,6,116
4,7,124
4,0,110
4,0,96
4,0,71
4,0,90
4,0,98
4,0,87
4,0,94
4,0,96
4,0,107
4,0,115
4,0,107
4,0,115
4,0,127
4,0,128
4,0,129
4,0,155
4,0,183
4,0,175
4,0,196
4,0,208
4,0,209
4,0,226
5,0,250
5,0,275
5,0,295
5,0,259
5,0,185
5,0,173
5,0,205
5,0,222
5,0,271
5,0,310
5,0,316
5,0,367
5,44,369
5,103,351
5,154,333
5,66,377
5,0,319
6,0,223
6,0,167
6,0,222
6,0,413
6,187,351
6,294,300
6,235,335
6,107,399
6,0,425
6,0,333
6,0,302
6,0,312
6,0,348
7,0,367
7,0,405
7,34,450
7,0,457
7,0,439
7,0,258
7,0,282
7,0,360
7,100,435
7,156,412
7,0,465
7,0,434
7,97,446
7,229,387
7,363,318
7,189,410
7,102,451
7,236,389
7,370,317
7,554,209
7,373,315
7,220,396
7,135,436
7,117,442
7,83,454
7,101,444
7,102,440
7,103,437
7,87,440
7,88,436
7,72,439
7,72,435
7,42,443
7,15,448
7,0,432
7,0,435
7,0,421
7,0,416
7,0,402
7,0,396
7,0,390
7,0,368
7,0,347
7,0,334
7,0,306
8,0,280
8,0,268
8,0,276
8,0,276
8,0,270
8,0,264
8,0,270
7,0,275
7,0,304
7,14,326
7,1,323
7,0,297
7,0,249
7,0,211
7,0,250
7,7,283
7,33,265
7,58,246
7,45,244
7,70,224
7,57,222
7,30,225
7,12,224
7,50,200
7,25,202
7,87,165
6,43,177
6,47,167
6,25,168
6,11,165
6,0,160
6,0,151
6,0,134
6,0,118
6,0,106
6,0,102
6,0,87
6,0,76
6,0,50
6,0,27
6,0,17
6,0,69
5,0,62
5,0,39
5,0,32
5,0,25
5,0,32
5,0,24
5,0,18
5,0,12
5,0,6
5,0,1
5,0,0
5,0,0
5,0,0
5,0,0
5,0,0
4,0,0
4,0,0
4,0,0
4,0,0
4,0,0
4,0,0
4,0,0
4,0,0
4,0,0
4,0,0
4,0,0
4,0,0
4,0,0
4,0,0
4,0,0
4,0,0
4,0,0
4,0,0
3,0,0
3,0,0
3,0,0
3,0,0
3,0,0
3,0,0
3,0,0
3,0,0
3,0,0
3,0,0
3,0,0
3,0,0
3,0,0
3,0,0
3,0,0
3,0,0
3,0,0
3,0,0
3,0,0
3,0,0
3,0,0
3,0,0
3,0,0
3,0,0
3,0,0
3,0,0
3,0,0
3,0,0
3,0,0
3,0,0
3,0,0
3,0,0
3,0,0
3,0,0
3,0,0
3,0,0
3,0,0
3,0,0
3,0,0
3,0,0
3,0,0
3,0,0
3,0,0
3,0,0
3,0,0
3,0,0
3,0,0
3,0,0
2,0,0
2,0,0
2,0,0
2,0,0
2,0,0
2,0,0
2,0,0
2,0,0
2,0,0
2,0,0
2,0,0
2,0,0
2,0,0
2,0,0
2,0,0
2,0,0
2,0,0
2,0,0
2,0,0
2,0,0
2,0,0
2,0,0
2,0,0
2,0,0
2,0,0
2,0,0
2,0,0
2,0,0
2,0,0
2,0,0
2,0,0
2,0,0
2,0,0
2,0,0
2,0,0
2,0,0
2,0,0
2,0,0
2,0,0
2,0,0
2,0,0
2,0,0
2,0,0
2,0,0
2,0,0
2,0,0
2,0,0
2,0,0
2,0,0
2,0,0
2,0,2
2,0,6
2,0,10
2,0,14
2,0,19
2,0,21
2,0,25
2,0,28
2,0,31
2,0,35
2,0,33
2,0,31
2,0,35
2,0,41
2,0,50
2,0,59
2,0,65
2,0,68
2,0,75
2,0,82
2,0,90
2,0,102
2,0,114
2,0,123
3,0,132
3,0,136
3,0,142
3,0,150
3,0,153
3,0,161
3,0,174
3,0,179
3,0,187
3,0,198
3,0,208
3,0,218
3,0,223
3,0,226
3,0,236
3,0,244
3,0,249
3,0,247
3,0,252
3,0,251
3,0,253
3,0,264
3,0,288
3,0,281
3,0,286
3,0,304
4,0,306
4,0,318
4,0,323
4,0,323
4,0,325
4,0,320
4,0,323
4,0,338
4,0,322
4,0,321
4,0,320
4,0,323
4,0,324
4,0,329
4,0,331
4,0,338
4,0,358
4,0,369
4,0,388
4,0,400
4,0,413
4,0,433
4,0,438
4,0,455
4,0,464
4,0,456
4,0,444
4,0,440
4,0,448
4,0,455
4,0,470
4,0,457
5,0,429
5,0,421
5,0,417
5,0,422
5,0,427
5,0,432
5,0,433
5,0,442
5,0,457
5,0,458
5,0,457
5,0,466
5,0,472
5,5,472
5,0,467
5,0,450
5,0,458
5,0,455
5,0,455
5,5,454
5,0,448
5,0,437
5,0,437
5,22,433
5,51,418
5,56,412
6,32,416
6,6,420
6,0,377
6,0,381
6,1,406
6,19,395
6,0,386
6,0,387
6,0,372
6,22,371
6,5,370
6,0,355
6,14,355
6,55,333
6,60,324
6,84,307
6,77,303
6,91,290
6,128,265
6,57,290
6,28,294
6,64,272
6,175,210
6,229,172
6,219,169
6,188,178
6,219,152
6,209,149
6,80,209
6,23,225
6,43,209
6,122,162
6,179,121
6,160,123
6,151,119
6,124,125
6,80,139
6,67,137
6,25,148
6,57,124
6,79,104
6,78,95
6,92,78
6,88,71
6,82,65
6,61,68
5,38,72
5,27,69
5,21,64
5,18,57
5,14,51
5,13,44
5,6,40
5,5,33
5,5,26
5,2,21
4,0,15
4,0,9
4,0,4
4,0,0
4,0,0
4,0,0
3,0,0
3,0,0
3,0,0
3,0,0
3,0,0
3,0,0
3,0,0
2,0,0
2,0,0
2,0,0
2,0,0
2,0,0
2,0,0
2,0,0
2,0,0
2,0,0
2,0,0
2,0,0
2,0,0
2,0,0
2,0,0
2,0,0
2,0,0
2,0,0
2,0,0
2,0,0
2,0,0
2,0,0
2,0,0
1,0,0
1,0,0
1,0,0
1,0,0
1,0,0
1,0,0
1,0,0
1,0,0
1,0,0
1,0,0
1,0,0
1,0,0
0,0,0
0,0,0
0,0,0
0,0,0
0,0,0
0,0,0
0,0,0
0,0,0
0,0,0
0,0,0
0,0,0
0,0,0
0,0,0
0,0,0
0,0,0
0,0,0
0,0,0
0,0,0
0,0,0
0,0,0
0,0,0
0,0,0
0,0,0
0,0,0
0,0,0
0,0,0
0,0,0
0,0,0
0,0,0
0,0,0
0,0,0
0,0,0
0,0,0
0,0,0
0,0,0
0,0,0
0,0,0
0,0,0
0,0,0
0,0,0
0,0,0
0,0,0
0,0,0
0,0,0
0,0,0
0,0,0
0,0,0
0,0,0
0,0,0
0,0,0
0,0,0
0,0,0
0,0,0
0,0,0
0,0,0
0,0,0
0,0,0
0,0,0
0,0,0
0,0,0
0,0,0
0,0,0
0,0,0
0,0,0
0,0,0
0,0,0
0,0,0
0,0,0
0,0,0
0,0,0
0,0,0
0,0,0
0,0,0
0,0,0
0,0,0
0,0,0
0,0,1
0,0,5
0,0,9
0,0,14
0,0,17
0,0,22
0,0,13
0,0,18
0,0,26
0,0,29
0,0,34
0,0,39
0,0,45
0,0,54
0,0,60
0,0,68
0,0,49
0,0,44
0,0,67
1,0,55
1,0,47
1,0,49
1,0,52
1,0,53
1,0,61
1,0,50
1,0,50
1,0,48
1,0,46
1,0,58
1,0,69
1,0,97
1,0,111
1,0,120
2,0,133
2,0,163
2,0,179
2,0,215
2,0,243
2,0,251
2,0,265
2,0,278
2,0,311
2,0,326
3,44,325
3,72,321
3,63,331
3,151,298
3,173,294
3,214,280
3,258,263
3,247,275
3,273,267
3,322,246
3,353,235
3,384,223
4,591,103
4,600,103
4,608,104
4,615,105
4,622,106
4,630,106
4,637,107
4,643,108
4,648,109
4,655,109
4,660,110
4,665,111
4,670,111
4,676,111
4,681,111
4,635,143
4,462,250
4,384,297
4,220,386
4,267,364
5,245,377
5,248,377
5,226,389
5,206,400
5,228,390
5,162,423
5,157,428
5,131,441
5,187,417
5,181,421
5,263,381
5,280,373
5,297,364
5,243,392
5,172,427
5,7,495
5,0,489
5,63,473
5,62,471
5,173,420
5,151,428
5,231,386
5,128,433
5,90,447
5,0,457
5,0,435
5,0,449
6,117,421
6,49,446
6,113,415
6,94,419
6,0,418
6,0,332
6,0,328
6,0,301
6,0,282
6,0,320
6,0,406
6,2,413
6,24,400
6,61,379
6,86,362
6,191,305
6,137,325
6,163,305
6,142,309
6,151,297
6,193,268
6,203,255
6,318,182
6,374,140
6,337,154
6,327,152
6,297,161
6,253,178
6,258,167
6,296,135
6,268,143
6,107,224
6,49,243
6,27,243
6,9,242
6,0,232
5,0,218
5,0,213
5,0,203
5,6,200
5,38,178
5,41,168
5,65,147
5,75,133
5,91,115
5,107,97
5,112,85
5,106,79
5,96,75
5,84,73
5,72,71
5,60,69
5,60,60
5,52,56
5,44,52
4,25,54
4,30,44
4,24,39
4,2,43
4,2,36
4,10,25
4,6,21
4,3,16
4,2,10
3,1,5
3,0,1
3,0,0
3,0,0
3,0,0
3,0,0
2,0,0
2,0,0
2,0,0
2,0,0
2,0,0
2,0,0
1,0,0
1,0,0
1,0,0
1,0,0
1,0,0
1,0,0
1,0,0
1,0,0
0,0,0
0,0,0
0,0,0
0,0,0
0,0,0
0,0,0
0,0,0
-1,0,0
-1,0,0
-1,0,0
-1,0,0
-1,0,0
-1,0,0
-1,0,0
-1,0,0
-1,0,0
-2,0,0
-2,0,0
-2,0,0
-2,0,0
-2,0,0
-2,0,0
-2,0,0
-2,0,0
-2,0,0
-2,0,0
-2,0,0
-2,0,0
-2,0,0
-2,0,0
-2,0,0
-2,0,0
-3,0,0
-3,0,0
-3,0,0
-3,0,0
-3,0,0
-3,0,0
-3,0,0
-3,0,0
-3,0,0
-3,0,0
-3,0,0
-3,0,0
-3,0,0
-3,0,0
-3,0,0
-3,0,0
-3,0,0
-3,0,0
-3,0,0
-3,0,0
-3,0,0
-3,0,0
-3,0,0
-3,0,0
-3,0,0
-3,0,0
-3,0,0
-3,0,0
-3,0,0
-3,0,0
-3,0,0
-3,0,0
-3,0,0
-3,0,0
-3,0,0
-3,0,0
-3,0,0
-3,0,0
-3,0,0
-3,0,0
-3,0,0
-3,0,0
-3,0,0
-3,0,0
-3,0,0
-3,0,0
-4,0,0
-4,0,0
-4,0,0
-4,0,0
-4,0,0
-4,0,0
-4,0,0
-4,0,0
-4,0,0
-4,0,0
-4,0,0
-4,0,0
-4,0,0
-4,0,0
-4,0,0
-4,0,0
-4,0,0
-4,0,0
-4,0,0
-4,0,0
-4,0,0
-4,0,0
-4,0,0
-4,1,3
-4,3,8
-4,6,13
-4,11,17
-4,16,21
-4,22,25
-4,30,28
-4,39,31
-4,46,35
-3,57,37
-3,67,40
-3,77,43
-3,88,45
-2,100,47
-2,111,49
-2,123,51
-2,136,53
-1,148,55
-1,161,56
-1,174,58
-1,186,60
-1,200,61
0,213,62
0,226,64
0,240,65
0,252,67
1,266,68
1,279,69
1,293,70
1,306,71
2,318,73
2,331,74
2,345,75
2,358,76
2,371,77
3,383,78
3,397,78
3,409,79
3,422,80
3,434,81
4,446,82
4,458,83
4,471,83
4,482,84
4,493,85
4,505,85
4,516,86
5,527,87
5,538,87
5,548,88
5,559,88
5,569,89
5,580,89
5,589,90
5,599,90
5,607,91
5,617,91
6,624,92
6,631,94
6,638,95
6,645,96
6,651,98
6,657,99
6,662,101
6,668,102
6,673,103
6,678,105
6,682,106
6,687,107
6,691,108
6,695,109
6,698,110
6,701,111
6,704,112
7,706,113
7,708,114
7,710,115
7,665,145
7,633,166
7,714,117
7,714,118
7,714,119
7,714,119
7,714,120
7,712,121
7,712,121
7,710,122
7,709,122
7,706,123
7,703,124
7,688,132
7,684,133
7,646,155
7,610,175
7,605,176
7,682,126
7,658,138
7,673,126
7,646,140
7,663,126
7,657,126
7,594,161
8,528,198
8,466,231
8,334,302
8,330,300
8,257,335
8,231,344
8,226,342
8,220,340
8,195,348
8,189,346
8,183,343
8,0,406
8,0,399
8,101,365
8,41,384
8,25,384
8,0,386
8,97,342
8,136,318
8,161,299
8,171,287
8,212,258
8,128,294
8,182,259
8,206,239
8,75,296
8,16,312
8,0,282
8,0,229
8,0,222
8,0,215
8,0,207
8,0,219
8,0,197
8,0,194
8,0,218
8,0,210
8,0,211
8,0,206
8,0,193
8,0,189
8,0,180
8,0,151
8,0,146
8,0,130
8,0,120
8,0,115
8,0,108
8,0,104
7,0,111
7,0,107
7,0,105
7,0,102
7,8,91
7,10,82
7,17,71
7,19,62
7,15,56
7,9,51
7,7,44
7,7,37
7,3,32
7,2,26
7,0,19
6,0,13
6,0,7
6,0,2
6,0,0
6,0,0
6,0,0
6,0,0
6,0,0
6,0,0
6,0,0
6,0,0
6,0,0
5,0,0
5,0,0
5,0,0
5,0,0
5,0,0
5,0,0
5,0,0
5,0,0
5,0,0
4,0,0
4,0,0
4,0,0
4,0,0
4,0,0
4,0,0
3,0,0
3,0,0
3,0,0
3,0,0
3,0,0
3,0,0
2,0,0
2,0,0
2,0,0
2,0,0
2,0,0
2,0,0
2,0,0
2,0,0
2,0,0
1,0,0
1,0,0
1,0,0
1,0,0
1,0,0
1,0,0
1,0,0
1,0,0
1,0,0
1,0,0
1,0,0
1,0,0
1,0,0
1,0,0
1,0,0
1,0,0
1,0,0
1,0,0
1,0,0
1,0,0
1,0,0
1,0,0
1,0,0
1,0,0
1,0,0
1,0,0
1,0,0
1,0,0
1,0,0
1,0,0
1,0,0
1,0,0
1,0,0
1,0,0
1,0,0
1,0,0
1,0,0
1,0,0
1,0,0
1,0,0
1,0,0
1,0,0
1,0,0
1,0,0
1,0,0
1,0,0
1,0,0
1,0,0
1,0,0
1,0,0
1,0,0
1,0,0
1,0,0
1,0,0
1,0,0
1,0,0
1,0,0
1,0,0
1,0,0
1,0,0
2,0,0
2,0,0
2,0,0
2,0,0
2,0,0
2,0,0
2,0,0
2,0,0
2,0,0
2,0,0
2,0,0
2,0,0
2,0,0
2,0,0
2,0,0
2,0,0
2,0,0
2,0,0
2,0,0
2,0,0
2,0,3
2,0,6
2,0,10
2,0,15
2,0,20
2,0,26
2,0,21
2,0,32
2,0,50
2,0,52
2,0,56
2,0,52
2,0,55
2,0,61
2,0,81
2,23,106
2,0,68
2,0,57
2,0,106
2,0,86
2,0,75
2,0,95
2,0,98
2,0,92
3,0,99
3,0,92
3,0,116
3,0,128
3,0,115
3,0,117
3,0,121
3,0,129
3,0,143
3,0,149
3,0,159
3,0,169
3,0,195
3,0,222
3,0,240
3,0,259
4,0,255
4,0,227
4,0,263
4,0,258
4,0,127
4,0,135
4,0,143
4,0,97
4,0,114
4,0,121
4,0,134
4,0,132
4,0,123
4,0,137
4,0,145
4,0,229
5,0,290
5,0,397
5,194,342
5,629,97
5,655,86
5,663,86
5,671,86
5,418,244
5,0,295
5,0,214
5,0,180
5,0,148
6,0,256
6,0,305
6,34,455
6,724,86
6,729,86
6,734,85
6,738,84
5,741,84
5,745,83
5,733,92
5,542,211
5,375,308
5,147,424
5,0,428
5,0,408
6,0,398
6,65,462
6,30,476
6,0,484
6,10,483
6,53,469
6,84,457
6,264,373
6,436,278
6,686,126
6,681,127
6,424,279
6,229,382
6,421,275
6,675,119
6,673,117
6,670,115
6,549,186
6,489,218
6,406,262
6,428,245
6,424,243
6,393,256
7,411,241
7,405,240
7,446,211
7,342,266
7,313,277
7,265,298
7,258,296
7,378,224
7,414,197
7,450,169
7,539,108
7,526,109
7,530,100
7,386,181
7,376,180
7,345,191
7,441,126
7,450,113
7,2,338
7,0,147
7,0,115
7,0,130
7,0,177
7,0,240
7,0,222
7,0,170
7,0,134
7,0,146
7,0,184
6,0,205
6,0,184
6,0,132
6,0,127
6,0,123
6,0,139
6,0,174
6,0,194
6,0,170
6,0,85
6,0,97
6,0,117
6,0,80
6,0,61
5,0,87
5,2,136
5,86,88
5,71,87
5,44,93
5,5,102
5,37,80
5,23,78
5,6,78
5,0,56
5,0,63
5,0,47
5,0,36
5,9,39
4,0,35
4,0,18
4,0,13
4,0,10
4,0,5
4,0,2
4,0,0
4,0,0
4,0,0
4,0,0
4,0,0
4,0,0
4,0,0
4,0,0
4,0,0
4,0,0
4,0,0
4,0,0
4,0,0
4,0,0
4,0,0
4,0,0
4,0,0
4,0,0
4,0,0
4,0,0
4,0,0
4,0,0
4,0,0
4,0,0
4,0,0
4,0,0
4,0,0
4,0,0
4,0,0
4,0,0
4,0,0
4,0,0
4,0,0
4,0,0
4,0,0
4,0,0
4,0,0
4,0,0
4,0,0
4,0,0
4,0,0
4,0,0
4,0,0
4,0,0
4,0,0
4,0,0
4,0,0
4,0,0
4,0,0
4,0,0
4,0,0
4,0,0
4,0,0
4,0,0
4,0,0
4,0,0
4,0,0
4,0,0
3,0,0
3,0,0
3,0,0
3,0,0
3,0,0
3,0,0
3,0,0
3,0,0
3,0,0
3,0,0
3,0,0
3,0,0
3,0,0
3,0,0
3,0,0
3,0,0
3,0,0
3,0,0
3,0,0
3,0,0
3,0,0
3,0,0
3,0,0
3,0,0
3,0,0
3,0,0
3,0,0
3,0,0
3,0,0
3,0,0
3,0,0
3,0,0
3,0,0
3,0,0
3,0,0
3,0,0
3,0,0
3,0,0
3,0,0
3,0,0
3,0,0
3,0,0
3,0,0
3,0,0
3,0,0
3,0,0
3,0,0
3,0,0
3,0,0
3,0,0
3,0,0
3,0,0
3,0,0
3,0,0
3,0,0
3,0,0
3,0,0
3,0,0
3,0,0
3,0,0
3,0,2
3,0,6
3,0,11
3,0,15
3,0,22
3,0,27
3,0,29
3,0,21
3,0,30
3,0,44
3,0,50
3,0,49
3,0,52
3,0,57
3,0,82
3,0,84
3,0,72
3,0,72
3,0,78
3,0,73
3,0,78
3,0,82
3,0,85
3,0,114
3,0,117
3,0,132
3,0,112
3,0,140
4,41,202
4,52,205
4,46,216
4,67,215
4,61,226
4,0,243
4,4,264
4,0,256
4,0,259
4,0,285
4,0,276
4,0,261
4,0,257
4,0,283
4,0,297
4,11,327
4,24,329
4,73,317
4,19,344
4,0,301
5,0,225
5,0,230
5,0,260
5,0,300
5,0,335
5,0,283
5,0,274
5,0,251
5,0,328
5,0,357
5,0,412
5,61,400
5,125,378
5,164,364
6,83,404
6,27,429
6,0,424
6,0,325
6,0,295
6,0,297
6,0,401
6,3,456
6,168,394
6,79,435
6,0,384
6,0,386
6,0,406
6,175,403
6,680,120
6,526,216
6,529,216
6,339,326
6,315,340
6,223,388
6,138,429
6,115,441
6,233,388
6,145,431
6,0,393
7,0,383
7,0,337
7,0,417
7,292,362
7,469,263
7,256,380
7,345,332
7,161,425
7,418,287
7,639,152
7,554,201
7,336,325
7,160,412
7,0,451
7,0,467
7,176,394
7,156,400
7,393,271
7,295,321
7,208,362
7,0,418
7,0,286
7,0,233
7,0,301
7,86,396
7,484,178
7,525,147
7,347,247
7,318,257
7,517,133
7,518,126
7,492,135
7,346,216
7,154,313
7,0,352
7,47,348
7,19,352
7,0,349
7,3,344
7,0,257
7,0,184
7,0,184
7,0,225
7,0,298
7,105,258
7,181,211
7,334,114
7,271,143
7,121,218
7,153,193
7,20,247
7,0,200
7,0,140
7,0,117
7,0,110
7,0,118
7,0,139
7,0,167
7,0,184
7,0,165
7,0,131
7,0,102
7,0,82
7,0,71
7,0,52
7,0,65
7,0,63
7,0,54
7,0,57
6,0,62
6,0,65
6,0,63
6,0,65
6,0,54
6,4,55
6,1,49
6,0,40
6,0,28
6,0,25
6,0,17
6,0,12
6,0,7
6,0,3
6,0,1
5,0,0
5,0,0
5,0,0
5,0,0
5,0,0
5,0,0
5,0,0
5,0,0
5,0,0
5,0,0
5,0,0
5,0,0
5,0,0
5,0,0
5,0,0
5,0,0
4,0,0
4,0,0
4,0,0
4,0,0
4,0,0
4,0,0
4,0,0
4,0,0
4,0,0
4,0,0
4,0,0
4,0,0
4,0,0
4,0,0
4,0,0
4,0,0
4,0,0
4,0,0
4,0,0
4,0,0
4,0,0
4,0,0
4,0,0
3,0,0
3,0,0
3,0,0
3,0,0
3,0,0
3,0,0
3,0,0
3,0,0
3,0,0
3,0,0
3,0,0
3,0,0
3,0,0
3,0,0
3,0,0
3,0,0
3,0,0
3,0,0
3,0,0
3,0,0
3,0,0
3,0,0
3,0,0
3,0,0
3,0,0
3,0,0
3,0,0
3,0,0
3,0,0
3,0,0
3,0,0
3,0,0
3,0,0
3,0,0
3,0,0
3,0,0
3,0,0
3,0,0
3,0,0
3,0,0
3,0,0
3,0,0
3,0,0
3,0,0
3,0,0
3,0,0
3,0,0
3,0,0
3,0,0
3,0,0
3,0,0
3,0,0
3,0,0
3,0,0
3,0,0
3,0,0
3,0,0
3,0,0
3,0,0
3,0,0
3,0,0
3,0,0
3,0,0
3,0,0
3,0,0
3,0,0
3,0,0
3,0,0
3,0,0
3,0,0
3,0,0
3,0,0
3,0,0
3,0,0
3,0,0
3,0,0
3,0,0
3,0,0
3,0,2
3,0,7
3,0,13
3,0,15
3,0,22
3,0,27
3,2,41
3,1,48
3,3,55
3,6,61
3,10,67
3,25,68
3,18,79
3,14,89
4,46,82
4,76,74
4,42,101
4,76,92
4,56,111
4,89,103
5,69,122
5,165,77
5,177,79
5,190,81
5,202,83
6,214,85
6,228,86
6,240,88
6,252,90
6,265,91
6,277,93
7,290,94
7,303,95
7,315,97
7,328,98
7,341,99
8,352,101
8,365,102
8,377,103
8,389,104
8,400,106
8,411,107
9,423,108
9,434,109
9,446,110
9,457,111
9,467,112
9,478,113
9,489,113
10,499,114
10,509,115
10,519,116
10,528,117
10,538,117
10,547,118
10,556,119
10,431,201
10,568,123
11,250,314
11,51,412
11,0,426
11,0,380
11,0,368
11,0,388
11,0,349
11,0,296
11,0,283
11,0,254
11,0,294
11,0,397
11,226,377
11,0,410
11,0,368
11,0,433
11,0,463
11,0,475
11,29,478
11,96,454
11,133,439
11,44,477
11,133,442
11,285,368
11,470,266
12,360,329
12,195,415
12,0,494
12,0,397
12,0,342
12,0,325
12,0,316
12,0,350
12,0,431
12,0,488
12,111,447
12,210,399
12,127,436
12,272,363
12,588,179
12,440,265
12,462,249
12,177,400
12,349,307
12,276,343
12,115,419
12,34,448
12,78,427
12,161,386
12,60,426
12,59,422
12,332,283
12,55,414
12,39,415
13,0,374
13,0,400
13,60,391
13,0,395
13,0,328
13,0,366
13,0,323
13,0,296
13,0,283
13,0,264
13,0,216
13,0,246
13,0,270
13,13,341
13,66,313
13,73,303
13,70,297
13,0,294
13,0,297
13,0,266
13,0,286
13,0,277
13,0,279
13,6,269
13,4,262
13,18,249
13,32,235
13,75,208
13,145,163
13,148,153
13,212,107
12,218,94
12,207,91
12,195,89
12,183,87
12,171,85
12,160,82
12,148,80
12,131,81
12,119,79
12,68,99
12,35,107
12,65,83
12,72,70
12,53,72
12,41,70
11,36,64
11,22,64
11,27,53
11,20,49
11,5,49
11,0,44
11,0,33
11,0,22
11,0,20
10,0,13
10,0,8
10,0,4
10,0,1
10,0,0
9,0,0
9,0,0
9,0,0
9,0,0
9,0,0
8,0,0
8,0,0
8,0,0
8,0,0
8,0,0
8,0,0
8,0,0
8,0,0
8,0,0
8,0,0
7,0,0
7,0,0
7,0,0
7,0,0
7,0,0
7,0,0
7,0,0
7,0,0
7,0,0
7,0,0
7,0,0
7,0,0
7,0,0
7,0,0
7,0,0
7,0,0
7,0,0
6,0,0
6,0,0
6,0,0
6,0,0
6,0,0
6,0,0
6,0,0
5,0,0
5,0,0
5,0,0
5,0,0
5,0,0
5,0,0
5,0,0
5,0,0
5,0,0
5,0,0
5,0,0
4,0,0
4,0,0
4,0,0
4,0,0
4,0,0
4,0,0
4,0,0
4,0,0
4,0,0
4,0,0
4,0,0
4,0,0
4,0,0
4,0,0
4,0,0
3,0,0
3,0,0
3,0,0
3,0,0
3,0,0
3,0,0
3,0,0
3,0,0
3,0,0
3,0,0
3,0,0
3,0,0
3,0,0
3,0,0
3,0,0
3,0,0
3,0,0
3,0,0
3,0,0
3,0,0
3,0,0
3,0,0
3,0,0
3,0,0
3,0,0
3,0,0
2,0,0
2,0,0
2,0,0
2,0,0
2,0,0
2,0,0
2,0,0
2,0,0
2,0,0
2,0,0
2,0,0
2,0,0
2,0,0
2,0,0
2,0,0
2,0,0
2,0,0
2,0,0
2,0,0
2,0,0
2,0,0
2,0,0
2,0,0
2,0,0
2,1,1
2,2,6
2,5,10
2,9,14
3,13,18
3,13,25
3,26,25
3,34,27
3,43,30
3,52,32
3,62,34
3,72,37
3,84,38
4,95,40
4,106,42
4,118,43
5,130,45
5,143,46
5,155,47
5,168,48
6,181,49
6,195,50
6,208,51
6,222,51
7,235,52
7,248,53
7,262,54
8,276,54
8,289,55
8,302,56
8,316,56
9,329,57
9,343,57
9,356,58
10,370,58
10,382,59
10,395,60
10,408,60
10,420,61
11,433,61
11,445,62
11,457,63
11,470,63
12,481,64
12,493,64
12,505,65
12,516,65
12,527,66
13,537,67
13,549,67
13,558,68
13,568,69
13,577,70
13,587,71
14,597,71
14,605,72
14,614,73
14,623,73
14,631,74
14,638,75
15,647,75
15,655,75
15,662,76
15,670,76
15,677,76
15,684,76
15,690,77
15,696,77
16,702,77
16,708,77
16,528,192
16,563,174
16,482,225
16,725,79
16,729,79
16,732,80
16,735,80
16,737,81
17,740,81
17,741,82
17,743,82
17,630,154
17,343,322
17,744,84
17,343,324
17,86,448
17,316,339
17,391,298
17,314,340
17,443,268
17,286,354
17,216,389
17,258,367
17,234,378
17,428,272
17,715,96
18,712,96
18,708,96
18,704,96
18,701,95
18,697,95
18,428,255
18,325,310
18,444,239
18,676,94
18,459,223
18,166,377
18,304,302
18,218,343
18,195,350
18,62,405
18,225,326
18,342,258
18,552,128
18,330,254
18,12,398
18,256,283
18,129,341
18,0,367
18,0,235
18,0,231
18,0,232
18,109,320
18,496,98
18,516,78
19,407,138
19,56,316
19,129,277
19,232,217
19,390,117
19,269,181
19,54,282
19,162,224
19,0,263
19,0,207
19,0,264
19,302,113
19,292,111
19,350,66
19,338,65
19,327,63
19,314,62
19,301,61
19,288,60
19,275,59
19,264,57
19,251,56
19,238,55
19,226,53
18,213,52
18,201,50
18,188,49
18,176,47
18,159,49
18,152,44
18,139,43
18,128,41
18,115,40
18,104,38
17,93,36
17,83,34
17,72,32
17,62,30
17,52,28
16,43,26
16,35,23
16,26,21
16,20,18
15,13,15
15,9,11
15,4,8
15,2,3
14,0,0
14,0,0
14,0,0
13,0,0
13,0,0
13,0,0
13,0,0
12,0,0
12,0,0
12,0,0
12,0,0
12,0,0
12,0,0
11,0,0
11,0,0
11,0,0
11,0,0
11,0,0
11,0,0
11,0,0
10,0,0
10,0,0
10,0,0
10,0,0
10,0,0
10,0,0
10,0,0
10,0,0
10,0,0
9,0,0
9,0,0
9,0,0
9,0,0
9,0,0
9,0,0
9,0,0
9,0,0
8,0,0
8,0,0
8,0,0
8,0,0
8,0,0
8,0,0
8,0,0
8,0,0
8,0,0
8,0,0
8,0,0
8,0,0
8,0,0
8,0,0
8,0,0
8,0,0
8,0,0
8,0,0
8,0,0
8,0,0
8,0,0
8,0,0
8,0,0
8,0,0
8,0,0
8,0,0
8,0,0
8,0,0
8,0,0
8,0,0
8,0,0
8,0,0
8,0,0
8,0,0
8,0,0
8,0,0
8,0,0
8,0,0
8,0,0
8,0,0
8,0,0
8,0,0
8,0,0
8,0,0
8,0,0
8,0,0
8,0,0
8,0,0
8,0,0
8,0,0
8,0,0
8,0,0
8,0,0
8,0,0
8,0,0
8,0,0
8,0,0
8,0,0
8,0,0
8,0,0
8,0,0
8,0,0
8,0,0
8,0,0
8,0,0
8,0,0
8,0,0
8,0,0
8,0,0
8,0,0
8,0,0
8,0,0
8,0,0
8,0,0
8,0,0
8,0,0
8,0,0
8,0,0
8,0,0
8,0,1
8,0,3
8,0,7
8,0,13
8,0,21
8,8,30
8,15,33
8,22,36
8,28,41
8,52,35
9,61,37
9,71,40
9,80,43
9,90,45
9,101,47
10,111,50
10,82,76
10,93,78
10,131,65
11,137,70
11,157,67
11,59,130
11,84,126
11,10,168
12,58,156
12,186,95
12,221,83
12,118,151
13,27,202
13,0,145
13,0,154
13,0,222
14,0,187
14,0,185
14,0,221
14,64,242
14,101,233
15,60,259
15,32,278
15,154,230
15,46,288
15,9,309
15,75,291
15,91,291
16,82,302
16,267,215
16,457,110
16,477,105
16,486,107
16,495,109
16,504,110
16,513,112
16,521,114
16,529,116
17,536,118
17,544,119
17,552,121
17,558,123
17,565,125
17,535,149
17,468,195
17,588,127
18,596,127
18,549,161
18,379,267
18,251,341
18,139,400
18,259,344
19,379,282
19,384,283
19,95,432
19,63,448
19,0,392
19,0,394
19,0,423
19,0,406
19,0,381
19,0,409
19,0,401
19,0,375
19,0,358
19,0,350
19,0,333
19,0,359
19,0,424
19,39,475
19,351,327
19,325,341
19,350,327
19,348,327
19,297,354
19,227,389
19,226,388
19,247,376
19,364,312
19,469,250
19,582,180
19,662,128
19,658,128
19,654,128
19,649,128
19,645,127
19,639,127
19,634,127
19,629,126
19,622,126
19,616,126
19,610,125
19,605,123
19,599,122
19,593,120
19,586,119
19,580,117
19,573,116
19,567,114
19,444,183
19,552,111
19,544,109
19,537,107
19,528,106
19,520,104
19,511,103
19,502,101
19,493,99
19,485,97
19,474,96
19,465,94
19,303,184
19,136,267
19,222,215
19,337,141
19,414,86
19,397,88
19,348,110
19,339,107
19,277,136
19,358,78
19,326,89
19,179,167
19,122,189
19,0,223
19,44,210
19,41,203
19,0,137
19,0,99
18,0,107
18,0,103
18,0,122
18,0,94
18,0,57
18,0,85
18,0,90
18,0,74
18,0,131
18,14,118
17,0,99
17,4,106
17,0,97
17,0,82
17,10,81
17,30,64
17,37,53
17,24,52
17,33,40
17,17,41
16,0,35
16,0,31
16,0,18
16,0,16
16,0,10
16,0,5
16,0,3
16,0,0
15,0,0
15,0,0
15,0,0
15,0,0
15,0,0
15,0,0
15,0,0
15,0,0
14,0,0
14,0,0
14,0,0
14,0,0
14,0,0
14,0,0
14,0,0
14,0,0
14,0,0
14,0,0
13,0,0
13,0,0
13,0,0
13,0,0
13,0,0
13,0,0
13,0,0
13,0,0
13,0,0
13,0,0
13,0,0
13,0,0
13,0,0
13,0,0
13,0,0
12,0,0
12,0,0
12,0,0
12,0,0
12,0,0
12,0,0
12,0,0
12,0,0
12,0,0
12,0,0
12,0,0
12,0,0
12,0,0
12,0,0
11,0,0
11,0,0
11,0,0
11,0,0
11,0,0
11,0,0
11,0,0
11,0,0
11,0,0
11,0,0
11,0,0
11,0,0
10,0,0
10,0,0
10,0,0
10,0,0
10,0,0
10,0,0
10,0,0
10,0,0
10,0,0
10,0,0
10,0,0
10,0,0
10,0,0
10,0,0
10,0,0
10,0,0
10,0,0
10,0,0
9,0,0
9,0,0
9,0,0
9,0,0
9,0,0
9,0,0
9,0,0
9,0,0
9,0,0
9,0,0
9,0,0
9,0,0
9,0,0
9,0,0
9,0,0
9,0,0
9,0,0
9,0,0
9,0,0
9,0,0
9,0,0
9,0,0
9,0,0
9,0,0
9,0,0
9,0,0
9,0,0
9,0,0
8,0,0
8,0,0
8,0,0
8,0,0
8,0,0
8,0,0
8,0,0
8,0,0
8,0,0
8,0,0
8,0,1
8,0,3
8,0,6
8,0,12
8,0,16
8,0,17
8,0,31
8,0,14
8,0,14
8,0,32
8,0,35
9,0,25
9,0,28
9,0,34
9,0,40
9,0,48
9,0,45
9,0,51
9,0,62
10,0,75
10,0,80
10,0,89
10,0,91
10,0,91
10,0,90
10,0,102
10,0,92
11,0,76
11,0,82
11,0,94
11,0,100
11,0,107
11,0,107
12,0,119
12,0,116
12,0,153
12,0,142
12,0,143
12,0,131
12,0,148
13,0,244
13,4,313
13,25,313
13,124,277
13,419,118
13,430,119
14,440,120
14,451,121
14,461,122
14,471,123
14,481,124
14,491,125
14,500,126
15,509,127
15,519,127
15,528,128
15,536,129
15,544,130
15,553,130
15,561,131
16,568,132
16,576,132
16,583,133
16,590,133
16,596,134
16,602,135
16,609,135
16,615,135
16,620,136
17,626,136
17,630,137
17,635,137
17,640,137
17,643,138
17,647,138
17,651,138
17,654,138
17,657,138
17,659,139
17,661,139
17,664,139
18,665,139
18,667,139
18,669,138
18,671,137
18,674,135
18,676,133
18,677,132
18,679,130
18,681,128
18,682,126
18,682,125
18,682,123
19,682,121
19,682,119
19,680,118
19,677,118
19,674,117
19,670,117
19,666,117
19,662,116
19,657,116
19,652,116
19,648,115
19,642,115
19,636,115
19,581,145
19,516,180
19,562,147
19,425,225
19,154,366
19,321,275
19,357,249
19,0,400
19,0,386
19,0,380
19,0,336
19,0,390
19,107,346
19,133,328
19,208,285
19,168,299
19,403,162
19,489,102
19,478,102
19,467,101
19,456,101
19,445,100
19,434,99
19,421,99
19,410,98
19,397,98
19,384,98
19,370,98
19,357,98
19,343,98
19,331,97
19,317,97
19,303,97
19,290,96
19,277,95
19,263,95
19,250,94
19,237,93
19,225,91
19,213,89
19,200,88
19,188,86
19,177,84
18,165,82
18,153,80
18,141,78
18,131,75
18,119,73
18,109,70
18,98,68
18,88,65
18,79,62
18,69,59
18,60,56
17,52,52
17,44,49
17,37,45
17,29,42
17,23,38
17,9,38
17,4,34
16,2,28
16,0,23
16,0,17
16,0,11
16,0,5
15,0,1
15,0,0
15,0,0
15,0,0
15,0,0
15,0,0
14,0,0
14,0,0
14,0,0
14,0,0
14,0,0
14,0,0
14,0,0
14,0,0
13,0,0
13,0,0
13,0,0
13,0,0
13,0,0
13,0,0
13,0,0
13,0,0
13,0,0
13,0,0
13,0,0
13,0,0
13,0,0
13,0,0
13,0,0
13,0,0
13,0,0
13,0,0
13,0,0
13,0,0
12,0,0
12,0,0
12,0,0
12,0,0
12,0,0
12,0,0
12,0,0
12,0,0
12,0,0
12,0,0
12,0,0
12,0,0
12,0,0
12,0,0
12,0,0
12,0,0
12,0,0
12,0,0
12,0,0
12,0,0
11,0,0
11,0,0
11,0,0
11,0,0
11,0,0
11,0,0
11,0,0
11,0,0
11,0,0
11,0,0
11,0,0
11,0,0
11,0,0
11,0,0
11,0,0
11,0,0
11,0,0
11,0,0
11,0,0
11,0,0
10,0,0
10,0,0
10,0,0
10,0,0
10,0,0
10,0,0
10,0,0
10,0,0
10,0,0
10,0,0
10,0,0
10,0,0
10,0,0
10,0,0
10,0,0
10,0,0
9,0,0
9,0,0
9,0,0
9,0,0
9,0,0
9,0,0
9,0,0
9,0,0
9,0,0
9,0,0
9,0,0
9,0,0
9,0,0
9,0,0
9,0,0
9,0,0
9,0,0
9,0,0
9,0,0
9,0,0
9,0,0
9,0,0
9,0,0
9,0,0
9,0,0
9,0,1
9,0,4
9,0,8
9,0,13
9,0,17
9,0,22
9,0,26
10,0,27
10,0,31
10,0,43
10,0,50
10,0,62
10,3,73
10,12,77
10,10,86
11,5,96
11,23,96
11,15,108
11,0,110
12,0,88
12,0,90
12,0,117
12,0,135
12,0,152
13,0,131
13,0,154
13,29,179
13,0,199
13,52,186
13,134,152
14,168,142
14,202,131
14,213,134
14,225,136
14,235,139
14,247,141
15,258,143
15,270,145
15,281,147
15,292,149
15,303,151
15,315,152
15,326,154
16,338,155
16,349,157
16,360,158
16,371,159
16,382,160
16,392,162
17,402,163
17,413,164
17,424,164
17,434,165
17,444,166
17,453,167
17,462,168
18,472,168
18,481,169
18,491,169
18,499,170
18,508,170
18,517,170
18,524,171
19,532,171
19,540,171
19,548,171
19,555,171
19,562,171
19,568,171
20,575,171
20,581,171
20,586,171
20,592,171
20,595,172
20,600,172
20,604,172
21,607,173
21,610,173
21,613,173
21,616,173
21,619,173
21,620,174
21,622,174
21,623,174
21,627,172
22,634,167
22,640,163
22,647,158
22,653,153
22,660,148
22,665,143
22,672,137
22,677,132
22,682,126
22,688,120
22,693,114
22,692,112
23,689,112
23,684,113
23,679,113
23,674,114
23,669,114
23,664,114
23,657,115
23,651,115
23,644,116
23,638,116
23,631,116
23,624,116
23,615,117
23,607,117
23,599,117
24,591,117
24,582,117
24,573,118
24,563,118
24,554,118
24,544,118
24,534,118
24,524,118
24,514,118
24,504,117
24,493,117
24,482,117
24,471,117
24,459,117
24,449,116
24,437,116
24,426,115
24,413,115
24,402,114
24,389,114
24,378,113
24,366,112
24,355,110
24,343,109
24,331,108
24,319,107
24,308,105
24,295,104
24,284,102
24,271,101
24,234,115
24,169,144
24,105,170
24,79,175
23,111,150
23,132,130
23,133,121
23,97,132
23,61,142
23,56,136
23,33,139
23,0,127
23,0,114
23,0,107
23,0,112
23,0,104
22,0,104
22,3,95
22,17,81
22,9,77
22,24,62
22,11,61
22,0,49
21,0,28
21,0,17
21,0,17
21,0,16
21,0,21
21,0,16
20,0,11
20,0,7
20,0,3
20,0,0
19,0,0
19,0,0
19,0,0
19,0,0
18,0,0
18,0,0
18,0,0
18,0,0
18,0,0
18,0,0
18,0,0
18,0,0
17,0,0
17,0,0
17,0,0
17,0,0
17,0,0
17,0,0
17,0,0
17,0,0
17,0,0
17,0,0
16,0,0
16,0,0
16,0,0
16,0,0
16,0,0
16,0,0
16,0,0
16,0,0
16,0,0
16,0,0
16,0,0
16,0,0
15,0,0
15,0,0
15,0,0
15,0,0
15,0,0
15,0,0
15,0,0
15,0,0
15,0,0
15,0,0
15,0,0
15,0,0
15,0,0
15,0,0
15,0,0
15,0,0
15,0,0
14,0,0
14,0,0
14,0,0
14,0,0
14,0,0
14,0,0
14,0,0
14,0,0
14,0,0
13,0,0
13,0,0
13,0,0
13,0,0
13,0,0
13,0,0
13,0,0
13,0,0
13,0,0
13,0,0
13,0,0
13,0,0
13,0,0
13,0,0
13,0,0
13,0,0
12,0,0
12,0,0
12,0,0
12,0,0
12,0,0
12,0,0
12,0,0
12,0,0
12,0,0
12,0,0
12,0,0
12,0,0
12,0,0
12,0,0
12,0,0
12,0,0
12,0,0
12,0,0
12,0,0
12,0,0
12,0,0
12,0,0
12,0,0
12,0,0
12,0,0
12,0,0
12,0,0
12,0,0
12,0,0
12,0,0
12,0,0
12,0,0
12,0,0
12,0,0
12,0,0
12,0,0
12,0,0
12,1,3
12,1,8
12,2,13
12,3,18
12,6,23
12,10,27
12,13,32
12,19,36
12,25,40
12,31,44
13,39,47
13,46,51
13,41,62
13,64,57
13,74,60
13,83,63
13,93,66
14,103,69
14,115,71
14,125,74
14,137,76
14,149,78
14,160,80
15,172,82
15,184,84
15,196,86
15,208,88
15,220,90
15,231,92
16,244,93
16,256,95
16,268,97
16,281,98
16,292,100
16,305,101
16,317,102
17,329,104
17,341,105
17,353,106
17,366,106
17,378,107
17,390,108
18,402,109
18,413,110
18,426,110
18,437,111
18,448,112
18,460,112
18,471,113
19,482,113
19,492,114
19,503,114
19,513,115
19,523,115
19,534,115
19,543,116
19,553,116
19,562,116
20,572,116
20,580,117
20,588,117
20,597,117
20,604,118
20,612,118
20,618,119
20,626,119
20,632,120
20,638,120
20,645,120
21,650,121
21,655,121
21,661,121
21,665,122
21,670,122
21,673,123
21,677,123
21,680,124
21,683,124
21,685,125
21,688,125
21,689,126
21,691,126
21,692,126
21,693,127
21,693,128
22,692,129
22,690,131
22,687,133
22,686,134
22,682,136
22,680,137
22,677,138
22,567,205
22,658,148
22,666,142
22,661,144
22,657,144
22,654,144
22,650,144
22,647,143
22,643,143
22,638,143
22,634,142
22,629,142
22,624,141
22,619,141
22,613,140
23,607,140
23,601,139
23,595,138
23,589,137
23,583,135
23,577,134
23,570,133
23,562,132
23,556,130
23,548,129
23,540,128
23,532,126
23,524,125
23,515,124
23,506,122
23,497,121
23,488,119
23,478,118
23,469,116
22,459,115
22,450,113
22,439,112
22,429,110
22,419,108
22,408,107
22,398,105
22,387,103
22,376,102
22,365,100
22,354,98
22,343,96
22,331,95
22,320,93
22,309,91
22,298,89
22,286,87
21,275,85
21,262,84
21,251,82
21,239,80
21,211,88
21,216,76
21,204,74
21,192,72
21,181,70
20,169,68
20,158,66
20,146,64
20,135,62
20,124,60
20,114,57
19,103,55
19,92,53
19,82,50
19,72,48
19,63,45
19,25,58
18,24,51
18,23,44
18,17,40
18,13,35
18,7,31
18,4,26
18,0,21
17,0,15
17,0,9
17,0,4
17,0,0
17,0,0
17,0,0
17,0,0
17,0,0
17,0,0
17,0,0
17,0,0
17,0,0
17,0,0
17,0,0
17,0,0
16,0,0
16,0,0
16,0,0
16,0,0
16,0,0
16,0,0
16,0,0
16,0,0
16,0,0
16,0,0
15,0,0
15,0,0
15,0,0
15,0,0
15,0,0
15,0,0
15,0,0
15,0,0
15,0,0
15,0,0
14,0,0
14,0,0
14,0,0
14,0,0
14,0,0
14,0,0
14,0,0
14,0,0
14,0,0
14,0,0
14,0,0
14,0,0
14,0,0
14,0,0
13,0,0
13,0,0
13,0,0
13,0,0
13,0,0
13,0,0
13,0,0
13,0,0
13,0,0
13,0,0
13,0,0
13,0,0
13,0,0
13,0,0
13,0,0
13,0,0
13,0,0
12,0,0
12,0,0
12,0,0
